industry,industry_name,employees,total_monthly,regular_monthly,total_hours,regular_hours,year,table_group,tsic_version,regime,employment_share,regular_hourly,total_hourly,real_regular_monthly,real_total_monthly,real_regular_hourly,real_total_hourly,cpi_2024_100
石油及天然氣礦業,石油及天然氣礦業,1450.0000000000,81393.0000000000,62883.0000000000,170.1000000000,160.5000000000,2016,1,10,tsic10_2016_2020,0.0001946510,391.7943925234,478.5008818342,70726.7013944431,91545.5434155162,440.6648061959,538.1866161994,88.9098441751
砂石及黏土採取業,砂、石及黏土採取業,2322.0000000000,34285.0000000000,31284.0000000000,174.9000000000,172.0000000000,2016,1,10,tsic10_2016_2020,0.0003117101,181.8837209302,196.0263007433,35186.2049587926,38561.5342351427,204.5709590627,220.4776114073,88.9098441751
其他製造業,其他製造業,79796.0000000000,40053.0000000000,33082.0000000000,172.1000000000,159.0000000000,2016,2,10,tsic10_2016_2020,0.0107119811,208.0628930818,232.7309703661,37208.4782140001,45049.0048336057,234.0155862516,261.7606323859,88.9098441751
其他運輸工具及其零件製造業,其他運輸工具及其零件製造業,70785.0000000000,47871.0000000000,37651.0000000000,177.3000000000,159.3000000000,2016,2,10,tsic10_2016_2020,0.0095023257,236.3527934714,270.0000000000,42347.3917307090,53842.1818687624,265.8342230427,303.6784087353,88.9098441751
化學材料製造業,化學材料製造業,61403.0000000000,69554.0000000000,49491.0000000000,175.3000000000,161.9000000000,2016,2,10,tsic10_2016_2020,0.0082428665,305.6886967264,396.7712492869,55664.2523211740,78229.8075598985,343.8187295934,446.2624504273,88.9098441751
化學製品製造業,化學製品製造業,48104.0000000000,53781.0000000000,44399.0000000000,169.3000000000,158.0000000000,2016,2,10,tsic10_2016_2020,0.0064575810,281.0063291139,317.6668635558,49937.1024793963,60489.3648155232,316.0576106291,357.2909912317,88.9098441751
印刷及資料儲存媒體複製業,印刷及資料儲存媒體複製業,62950.0000000000,37427.0000000000,30917.0000000000,174.3000000000,161.6000000000,2016,2,10,tsic10_2016_2020,0.0084505390,191.3180693069,214.7274813540,34773.4272698821,42095.4511249435,215.1820994423,241.5114809234,88.9098441751
基本金屬製造業,基本金屬製造業,111237.0000000000,53516.0000000000,39727.0000000000,179.9000000000,160.5000000000,2016,2,10,tsic10_2016_2020,0.0149326863,247.5202492212,297.4763757643,44682.3412734291,60191.3100810238,278.3946496787,334.5820460313,88.9098441751
塑膠製品製造業,塑膠製品製造業,136280.0000000000,39924.0000000000,32760.0000000000,171.7000000000,160.1000000000,2016,2,10,tsic10_2016_2020,0.0182945107,204.6221111805,232.5218404193,36846.3135932121,44903.9140383211,230.1456189457,261.5254166472,88.9098441751
家具製造業,家具製造業,25067.0000000000,32719.0000000000,27395.0000000000,171.6000000000,160.2000000000,2016,2,10,tsic10_2016_2020,0.0033650462,171.0049937578,190.6701631702,30812.1111381577,36800.1994644782,192.3352755191,214.4533768326,88.9098441751
成衣及服飾品製造業,成衣及服飾品製造業,41218.0000000000,33041.0000000000,29029.0000000000,165.6000000000,160.1000000000,2016,2,10,tsic10_2016_2020,0.0055331901,181.3179262961,199.5229468599,32649.9278784296,37162.3640852662,203.9345901214,224.4104111429,88.9098441751
木竹製品製造業,木竹製品製造業,18423.0000000000,36584.0000000000,29854.0000000000,179.9000000000,163.1000000000,2016,2,10,tsic10_2016_2020,0.0024731419,183.0410790926,203.3574207893,33577.8341273429,41147.2996487812,205.8726801186,228.7231775919,88.9098441751
機械設備製造業,機械設備製造業,221413.0000000000,39977.0000000000,31392.0000000000,173.9000000000,158.4000000000,2016,2,10,tsic10_2016_2020,0.0297229418,198.1818181818,229.8849913744,35307.6763222868,44963.5249852210,222.9019969841,258.5596606396,88.9098441751
橡膠製品製造業,橡膠製品製造業,37829.0000000000,40519.0000000000,31766.0000000000,182.1000000000,160.3000000000,2016,2,10,tsic10_2016_2020,0.0050782437,198.1659388646,222.5096101043,35728.3271551274,45573.1312723859,222.8841369627,250.2643123140,88.9098441751
汽車及其零件製造業,汽車及其零件製造業,82320.0000000000,47992.0000000000,35650.0000000000,174.9000000000,156.0000000000,2016,2,10,tsic10_2016_2020,0.0110508081,228.5256410256,274.3967981704,40096.7973015266,53978.2747852697,257.0307519329,308.6236408535,88.9098441751
產業用機械設備維修及安裝業,產業用機械設備維修及安裝業,41975.0000000000,46182.0000000000,37448.0000000000,170.7000000000,161.6000000000,2016,2,10,tsic10_2016_2020,0.0056348113,231.7326732673,270.5448154657,42119.0705567340,51942.5047118962,260.6378128511,304.2911816748,88.9098441751
皮革毛皮及其製品製造業,皮革、毛皮及其製品製造業,27308.0000000000,42379.0000000000,33112.0000000000,172.8000000000,158.2000000000,2016,2,10,tsic10_2016_2020,0.0036658827,209.3046776233,245.2488425926,37242.2202594151,47665.1380881177,235.4122645981,275.8399194914,88.9098441751
石油及煤製品製造業,石油及煤製品製造業,11310.0000000000,84151.0000000000,59624.0000000000,177.1000000000,164.3000000000,2016,2,10,tsic10_2016_2020,0.0015182779,362.8971393792,475.1609260305,67061.1905275237,94647.5621240046,408.1630585972,534.4300515189,88.9098441751
紙漿紙及紙製品製造業,紙漿、紙及紙製品製造業,51275.0000000000,37533.0000000000,31182.0000000000,176.9000000000,161.3000000000,2016,2,10,tsic10_2016_2020,0.0068832627,193.3168009919,212.1707179197,35071.4820043815,42214.6730187433,217.4301426186,238.6357999929,88.9098441751
紡織業,紡織業,104575.0000000000,38266.0000000000,32093.0000000000,181.3000000000,162.6000000000,2016,2,10,tsic10_2016_2020,0.0140383656,197.3739237392,211.0645339217,36096.1154501513,43039.1036617171,221.9933299517,237.3916363029,88.9098441751
藥品及醫用化學製品製造業,藥品及醫用化學製品製造業,28784.0000000000,47292.0000000000,36601.0000000000,169.8000000000,159.8000000000,2016,2,10,tsic10_2016_2020,0.0038640240,229.0425531915,278.5159010601,41166.4201411830,53190.9603922523,257.6121410587,313.2565394126,88.9098441751
金屬製品製造業,金屬製品製造業,330194.0000000000,36040.0000000000,30460.0000000000,173.9000000000,160.4000000000,2016,2,10,tsic10_2016_2020,0.0443259296,189.9002493766,207.2455434158,34259.4234447265,40535.4438919220,213.5874279596,233.0962845999,88.9098441751
電力設備製造業,電力設備製造業,129776.0000000000,38935.0000000000,31222.0000000000,172.2000000000,157.7000000000,2016,2,10,tsic10_2016_2020,0.0174214003,197.9835129994,226.1033681765,35116.4713982683,43791.5512744723,222.6789562351,254.3063372501,88.9098441751
電子零組件製造業,電子零組件製造業,589520.0000000000,61633.0000000000,41359.0000000000,178.4000000000,158.2000000000,2016,2,10,tsic10_2016_2020,0.0791383914,261.4348925411,345.4764573991,46517.9085440067,69320.7828354835,294.0449339065,388.5694105128,88.9098441751
電腦電子產品及光學製品製造業,電腦、電子產品及光學製品製造業,208001.0000000000,55084.0000000000,44121.0000000000,170.1000000000,159.1000000000,2016,2,10,tsic10_2016_2020,0.0279224870,277.3161533627,323.8330393886,49624.4261918837,61954.8943213826,311.9071413695,364.2263040646,88.9098441751
非金屬礦物製品製造業,非金屬礦物製品製造業,71898.0000000000,39061.0000000000,31496.0000000000,176.3000000000,160.1000000000,2016,2,10,tsic10_2016_2020,0.0096517371,196.7270455965,221.5598411798,35424.6487463922,43933.2678652154,221.2657635627,249.1960741079,88.9098441751
食品製造業,食品製造業,115459.0000000000,38904.0000000000,32469.0000000000,175.7000000000,159.0000000000,2016,2,10,tsic10_2016_2020,0.0154994564,204.2075471698,221.4228799089,36519.0157526863,43756.6844942101,229.6793443565,249.0420289938,88.9098441751
飲料及菸草製造業,飲料及菸草製造業,16079.0000000000,57142.0000000000,42476.0000000000,172.3000000000,159.0000000000,2016,2,10,tsic10_2016_2020,0.0021584784,267.1446540881,331.6424840395,47774.2373682929,64269.5986368536,300.4669016874,373.0098586004,88.9098441751
氣體燃料供應業,氣體燃料供應業,5288.0000000000,64368.0000000000,48691.0000000000,168.6000000000,162.1000000000,2016,3,10,tsic10_2016_2020,0.0007098721,300.3763109192,381.7793594306,54764.4644434399,72396.9326424871,337.8437041545,429.4005494809,88.9098441751
電力供應業,電力供應業,24844.0000000000,100662.0000000000,68483.0000000000,172.7000000000,161.6000000000,2016,3,10,tsic10_2016_2020,0.0033351103,423.7809405941,582.8720324262,77025.2165385819,113218.0591855896,476.6411914516,655.5764863091,88.9098441751
廢(污)水處理業,廢（污）水處理業,1855.0000000000,35452.0000000000,32258.0000000000,169.6000000000,164.7000000000,2016,4,10,tsic10_2016_2020,0.0002490191,195.8591378264,209.0330188679,36281.6966999339,39874.0998017874,220.2895974495,235.1067205294,88.9098441751
廢棄物清除業,廢棄物清除業,8317.0000000000,30003.0000000000,26554.0000000000,168.9000000000,164.1000000000,2016,4,10,tsic10_2016_2020,0.0011164914,161.8159658745,177.6376554174,29866.2091316897,33745.4196195709,182.0000556471,199.7952612171,88.9098441751
廢棄物處理業,廢棄物處理業,5739.0000000000,33911.0000000000,30553.0000000000,171.7000000000,163.0000000000,2016,4,10,tsic10_2016_2020,0.0007704153,187.4417177914,197.5014560280,34364.0237855131,38140.8834023020,210.8222318130,222.1367699610,88.9098441751
污染整治業,污染整治業,5759.0000000000,30453.0000000000,27571.0000000000,171.4000000000,165.2000000000,2016,4,10,tsic10_2016_2020,0.0007731001,166.8946731235,177.6721120187,31010.0644712592,34251.5503007963,187.7122546686,199.8340157573,88.9098441751
用水供應業,用水供應業,6168.0000000000,82254.0000000000,60381.0000000000,162.6000000000,160.7000000000,2016,4,10,tsic10_2016_2020,0.0008280052,375.7373988799,505.8671586716,67912.6148068296,92513.9401189276,422.6049459044,568.9664213956,88.9098441751
其他專門營造業,其他專門營造業,162322.0000000000,42255.0000000000,39162.0000000000,166.7000000000,163.4000000000,2016,5,10,tsic10_2016_2020,0.0217904430,239.6695226438,253.4793041392,44046.8660847794,47525.6709670689,269.5646639215,285.0970064011,88.9098441751
土木工程業,土木工程業,83176.0000000000,39556.0000000000,33988.0000000000,170.7000000000,162.9000000000,2016,5,10,tsic10_2016_2020,0.0111657193,208.6433394721,231.7281780902,38227.4879855340,44490.0116145634,234.6684345337,260.6327569687,88.9098441751
建築工程業,建築工程業,79053.0000000000,47447.0000000000,41686.0000000000,160.5000000000,156.5000000000,2016,5,10,tsic10_2016_2020,0.0106122392,266.3642172524,295.6199376947,46885.6968390305,53365.2942935633,299.5891171823,332.4940454428,88.9098441751
機電管道及其他建築設備安裝業,機電、管道及其他建築設備安裝業,136327.0000000000,42865.0000000000,37723.0000000000,166.5000000000,161.2000000000,2016,5,10,tsic10_2016_2020,0.0183008201,234.0136476427,257.4474474474,42428.3726397051,48211.7592238412,263.2033042165,289.5601154585,88.9098441751
批發業,批發業,1060584.0000000000,49073.0000000000,40851.0000000000,164.2000000000,161.1000000000,2016,6,10,tsic10_2016_2020,0.1423750028,253.5754189944,298.8611449452,45946.5432416455,55194.1131550579,285.2051101282,336.1395441843,88.9098441751
綜合商品零售業,綜合商品零售業,165258.0000000000,42595.0000000000,37749.0000000000,160.4000000000,157.0000000000,2016,6,10,tsic10_2016_2020,0.0221845778,240.4394904459,265.5548628429,42457.6157457315,47908.0808151059,270.4306735397,298.6788080742,88.9098441751
零售業,零售業,430836.0000000000,37546.0000000000,31821.0000000000,167.2000000000,163.0000000000,2016,6,10,tsic10_2016_2020,0.0578363210,195.2208588957,224.5574162679,35790.1875717217,42229.2945717564,219.5717028940,252.5675512665,88.9098441751
倉儲業,倉儲業,12655.0000000000,48293.0000000000,39009.0000000000,172.5000000000,159.5000000000,2016,7,10,tsic10_2016_2020,0.0016988335,244.5705329154,279.9594202899,43874.7816531627,54316.8199742671,275.0770009603,314.8801157929,88.9098441751
公共汽車客運業,公共汽車客運業,22678.0000000000,49924.0000000000,40496.0000000000,196.8000000000,164.1000000000,2016,7,10,tsic10_2016_2020,0.0030443419,246.7763558806,253.6788617886,45547.2623709010,56151.2625099976,277.5579669159,285.3214558435,88.9098441751
其他汽車客運業,其他汽車客運業,12018.0000000000,27583.0000000000,24938.0000000000,170.6000000000,168.2000000000,2016,7,10,tsic10_2016_2020,0.0016133213,148.2639714625,161.6822977726,28048.6376186668,31023.5612894252,166.7576552834,181.8497144749,88.9098441751
其他運輸輔助業,其他運輸輔助業,67738.0000000000,44142.0000000000,36638.0000000000,167.6000000000,161.0000000000,2016,7,10,tsic10_2016_2020,0.0090932901,227.5652173913,263.3770883055,41208.0353305282,49648.0456236742,255.9505300033,296.2293891627,88.9098441751
快遞服務業,快遞服務業,11755.0000000000,55927.0000000000,47069.0000000000,173.1000000000,164.1000000000,2016,7,10,tsic10_2016_2020,0.0015780157,286.8312004875,323.0906990179,52940.1445213339,62903.0457975449,322.6090464432,363.3913679812,88.9098441751
汽車貨運業,汽車貨運業,76102.0000000000,34783.0000000000,30420.0000000000,176.3000000000,166.3000000000,2016,7,10,tsic10_2016_2020,0.0102160908,182.9224293446,197.2943845718,34214.4340508398,39121.6521890322,205.7392306124,221.9038694783,88.9098441751
海洋水運業,海洋水運業,7269.0000000000,82784.0000000000,72465.0000000000,162.6000000000,157.2000000000,2016,7,10,tsic10_2016_2020,0.0009758057,460.9732824427,509.1266912669,81503.9107000035,93110.0495879264,518.4727143766,572.6325312911,88.9098441751
港埠業,港埠業,2522.0000000000,90354.0000000000,62258.0000000000,158.1000000000,153.8000000000,2016,7,10,tsic10_2016_2020,0.0003385585,404.7984395319,571.4990512334,70023.7421149633,101624.2923809855,455.2909110206,642.7848980454,88.9098441751
航空運輸業,航空運輸業,23795.0000000000,90671.0000000000,66862.0000000000,168.1000000000,163.9000000000,2016,7,10,tsic10_2016_2020,0.0031942903,407.9438682123,539.3872694825,75202.0213513232,101980.8333275376,458.8286842668,606.6676581055,88.9098441751
郵政業,郵政業,26421.0000000000,76860.0000000000,52473.0000000000,161.7000000000,160.6000000000,2016,7,10,tsic10_2016_2020,0.0035468100,326.7310087173,475.3246753247,59018.2116354279,86447.1203533053,367.4857511546,534.6142260563,88.9098441751
鐵路大眾捷運系統運輸業,鐵路大眾捷運系統運輸業,25050.0000000000,64949.0000000000,46783.0000000000,171.2000000000,160.9000000000,2016,7,10,tsic10_2016_2020,0.0033627641,290.7582349285,379.3750000000,52618.4703550440,73050.4035886914,327.0259189251,426.6962826442,88.9098441751
住宿服務業,住宿服務業,71471.0000000000,35955.0000000000,32687.0000000000,166.1000000000,164.8000000000,2016,8,10,tsic10_2016_2020,0.0095944157,198.3434466019,216.4659843468,36764.2079493689,40439.8414299127,223.0837861005,243.4668358213,88.9098441751
其他餐飲業,其他餐飲業,69227.0000000000,38308.0000000000,33770.0000000000,162.8000000000,157.5000000000,2016,8,10,tsic10_2016_2020,0.0092931765,214.4126984127,235.3071253071,37982.2957888514,43086.3425252982,241.1574335800,264.6581236198,88.9098441751
餐館業,餐館業,262652.0000000000,30217.0000000000,26982.0000000000,162.9000000000,159.6000000000,2016,8,10,tsic10_2016_2020,0.0352589510,169.0601503759,185.4941682014,30347.5956462774,33986.1128768648,190.1478423952,208.6317549224,88.9098441751
傳播及節目播送業,傳播及節目播送業,23795.0000000000,49621.0000000000,41664.0000000000,165.4000000000,158.4000000000,2016,9,10,tsic10_2016_2020,0.0031942903,263.0303030303,300.0060459492,46860.9526723928,55810.4678513058,295.8393476792,337.4272542401,88.9098441751
出版業,出版業,32385.0000000000,55243.0000000000,49952.0000000000,159.0000000000,157.4000000000,2016,9,10,tsic10_2016_2020,0.0043474298,317.3570520966,347.4402515723,56182.7550857183,62133.7271620823,356.9425354874,390.7781582521,88.9098441751
影片服務聲音錄製及音樂出版業,影片服務、聲音錄製及音樂出版業,17856.0000000000,40123.0000000000,36199.0000000000,158.4000000000,157.0000000000,2016,9,10,tsic10_2016_2020,0.0023970266,230.5668789809,253.3017676768,40714.2767326216,45127.7362729075,259.3266033925,284.8973249552,88.9098441751
資料處理及資訊供應服務業,資料處理及資訊供應服務業,16587.0000000000,66569.0000000000,59735.0000000000,160.4000000000,159.5000000000,2016,9,10,tsic10_2016_2020,0.0022266734,374.5141065831,415.0187032419,67186.0360955593,74872.4740411030,421.2290664298,466.7859977625,88.9098441751
電信業,電信業,42713.0000000000,104818.0000000000,65811.0000000000,161.8000000000,157.5000000000,2016,9,10,tsic10_2016_2020,0.0057338820,417.8476190476,647.8244746601,74019.9250269500,117892.4572104183,469.9677779489,728.6307614983,88.9098441751
電腦系統設計服務業,電腦系統設計服務業,66363.0000000000,64100.0000000000,56597.0000000000,161.3000000000,159.6000000000,2016,9,10,tsic10_2016_2020,0.0089087072,354.6177944862,397.3961562306,63656.6181451473,72095.5037034461,398.8509908844,446.9653050431,88.9098441751
不動產經營及相關服務業,不動產經營及相關服務業,70740.0000000000,35797.0000000000,29751.0000000000,171.6000000000,170.4000000000,2016,10,10,tsic10_2016_2020,0.0094962848,174.5950704225,208.6072261072,33461.9864380846,40262.1333240602,196.3731598479,234.6278165738,88.9098441751
不動產開發業,不動產開發業,45062.0000000000,50038.0000000000,43511.0000000000,163.7000000000,162.1000000000,2016,10,10,tsic10_2016_2020,0.0060492166,268.4207279457,305.6689065363,48938.3379351114,56279.4822825747,301.9021464226,343.7964708771,88.9098441751
人身保險業,人身保險業,110098.0000000000,76375.0000000000,60899.0000000000,161.0000000000,159.8000000000,2016,10,10,tsic10_2016_2020,0.0147797846,381.0951188986,474.3788819876,68495.2274576625,85901.6239524290,428.6309603108,533.5504593319,88.9098441751
信用合作社業,信用合作社業,3905.0000000000,72058.0000000000,46671.0000000000,162.8000000000,161.7000000000,2016,10,10,tsic10_2016_2020,0.0005242153,288.6270871985,442.6167076167,52492.5000521612,81046.1436172063,324.6289428087,497.8264349951,88.9098441751
其他保險及退休基金輔助業,其他保險及退休基金輔助業,457.0000000000,101836.0000000000,83356.0000000000,166.0000000000,163.1000000000,2016,10,10,tsic10_2016_2020,0.0000613486,511.0729613734,613.4698795181,93753.3979205063,114538.4978961644,574.8215691018,689.9909511817,88.9098441751
其他金融中介業,其他金融中介業,36783.0000000000,94279.0000000000,57688.0000000000,157.8000000000,156.2000000000,2016,10,10,tsic10_2016_2020,0.0049378265,369.3213828425,597.4588086185,64883.7038634072,106038.8766561185,415.3886290871,671.9827418005,88.9098441751
證券期貨及其他金融業,證券期貨及其他金融業,52545.0000000000,75043.0000000000,56827.0000000000,161.2000000000,160.2000000000,2016,10,10,tsic10_2016_2020,0.0070537501,354.7253433208,465.5272952854,63915.3071599958,84403.4771360017,398.9719548065,523.5947713151,88.9098441751
財產保險業,財產保險業,15677.0000000000,63095.0000000000,46242.0000000000,161.6000000000,160.0000000000,2016,10,10,tsic10_2016_2020,0.0021045131,289.0125000000,390.4393564356,52009.9888027263,70965.1451820426,325.0624300170,439.1407498889,88.9098441751
農會漁會信用部,農會、漁會信用部,10774.0000000000,62303.0000000000,48823.0000000000,163.8000000000,163.2000000000,2016,10,10,tsic10_2016_2020,0.0014463242,299.1605392157,380.3601953602,54912.9294432660,70074.3551830859,336.4762833533,427.8043661971,88.9098441751
銀行業,銀行業,147240.0000000000,98037.0000000000,64427.0000000000,165.9000000000,159.7000000000,2016,10,10,tsic10_2016_2020,0.0197658040,403.4251721979,590.9403254973,72463.2919984699,110265.6302117745,453.7463493956,664.6511766834,88.9098441751
企業總管理機構及管理顧問業,企業總管理機構及管理顧問業,83509.0000000000,57831.0000000000,48681.0000000000,166.3000000000,162.1000000000,2016,11,10,tsic10_2016_2020,0.0112104219,300.3146206046,347.7510523151,54753.2170949682,65044.5409465521,337.7743189079,391.1277266780,88.9098441751
其他專業科學及技術服務業,其他專業、科學及技術服務業,19328.0000000000,48154.0000000000,43522.0000000000,166.5000000000,165.7000000000,2016,11,10,tsic10_2016_2020,0.0025946309,262.6554013277,289.2132132132,48950.7100184303,54160.4818305108,295.4176826701,325.2881791622,88.9098441751
專門設計服務業,專門設計服務業,24816.0000000000,71802.0000000000,62654.0000000000,165.5000000000,162.7000000000,2016,11,10,tsic10_2016_2020,0.0033313515,385.0891210817,433.8489425982,70469.1371144417,80758.2114963313,433.1231537458,487.9650241470,88.9098441751
廣告業及市場研究業,廣告業及市場研究業,43945.0000000000,52447.0000000000,47993.0000000000,162.7000000000,161.7000000000,2016,11,10,tsic10_2016_2020,0.0058992682,296.8027210884,322.3540258144,53979.3995201168,58988.9685294015,333.8243631423,362.5628059582,88.9098441751
建築工程服務及技術檢測,建築、工程服務及技術檢測,52552.0000000000,63212.0000000000,53170.0000000000,164.7000000000,158.8000000000,2016,11,10,tsic10_2016_2020,0.0070546898,334.8236775819,383.8008500304,59802.1518239037,71096.7391591613,376.5878578331,431.6741904017,88.9098441751
會計服務業,會計服務業,23453.0000000000,58398.0000000000,47863.0000000000,169.6000000000,158.4000000000,2016,11,10,tsic10_2016_2020,0.0031483795,302.1654040404,344.3278301887,53833.1839899850,65682.2656048962,339.8559595327,387.2775094628,88.9098441751
法律服務業,法律服務業,10317.0000000000,58518.0000000000,46614.0000000000,162.2000000000,157.7000000000,2016,11,10,tsic10_2016_2020,0.0013849755,295.5865567533,360.7768187423,52428.3901658727,65817.2337865563,332.4565007348,405.7782600897,88.9098441751
人力仲介業,人力仲介業,21994.0000000000,38048.0000000000,33835.0000000000,165.5000000000,162.1000000000,2016,12,10,tsic10_2016_2020,0.0029525203,208.7291795188,229.8972809668,38055.4035539173,42793.9114650346,234.7649818255,258.5734831724,88.9098441751
人力供應業,人力供應業,111624.0000000000,37577.0000000000,33903.0000000000,169.0000000000,159.9000000000,2016,12,10,tsic10_2016_2020,0.0149846380,212.0262664165,222.3491124260,38131.8855235247,42264.1613520186,238.4733303535,250.0837949824,88.9098441751
保全及私家偵探服務業,保全及私家偵探服務業,92633.0000000000,32300.0000000000,28920.0000000000,217.6000000000,199.9000000000,2016,12,10,tsic10_2016_2020,0.0124352467,144.6723361681,148.4375000000,32527.3317800883,36328.9355635150,162.7180179094,166.9528288764,88.9098441751
其他教育及教育輔助服務業,其他教育及教育輔助服務業,73560.0000000000,24873.0000000000,23342.0000000000,132.7000000000,131.9000000000,2016,12,10,tsic10_2016_2020,0.0098748475,176.9673995451,187.4378296910,26253.5608025872,27975.5298536009,199.0414010810,210.8178587310,88.9098441751
建築物及綠化服務業,建築物及綠化服務業,58345.0000000000,30847.0000000000,28582.0000000000,173.9000000000,166.7000000000,2016,12,10,tsic10_2016_2020,0.0078323542,171.4577084583,177.3835537665,32147.1714017457,34694.6958305804,192.8444595186,199.5094642357,88.9098441751
旅行及相關代訂服務業,旅行及相關代訂服務業,29323.0000000000,42840.0000000000,38155.0000000000,159.8000000000,159.5000000000,2016,12,10,tsic10_2016_2020,0.0039363805,239.2163009404,268.0851063830,42914.2580936815,48183.6408526620,269.0549096783,301.5246611556,88.9098441751
業務及辦公室支援服務業,業務及辦公室支援服務業,15691.0000000000,47149.0000000000,39076.0000000000,164.7000000000,162.1000000000,2016,12,10,tsic10_2016_2020,0.0021063925,241.0610734115,286.2720097146,43950.1388879229,53030.1233091074,271.1297895615,321.9801050948,88.9098441751
租賃業,租賃業,14902.0000000000,39686.0000000000,33365.0000000000,167.1000000000,163.7000000000,2016,12,10,tsic10_2016_2020,0.0020004755,203.8179596823,237.4985038899,37526.7781757485,44636.2271446952,229.2411617333,267.1228434751,88.9098441751
創作及藝術表演業,創作及藝術表演業,8024.0000000000,39645.0000000000,36044.0000000000,156.3000000000,155.0000000000,2016,13,10,tsic10_2016_2020,0.0010771585,232.5419354839,253.6468330134,40539.9428313106,44590.1130159613,261.5480182665,285.2854319639,88.9098441751
運動娛樂及休閒服務業,運動、娛樂及休閒服務業,48786.0000000000,36341.0000000000,33955.0000000000,171.8000000000,169.5000000000,2016,13,10,tsic10_2016_2020,0.0065491341,200.3244837758,211.5308498254,38190.3717355774,40873.9890809194,225.3119276435,237.9161180496,88.9098441751
醫療保健服務業,醫療保健服務業,342756.0000000000,65239.0000000000,53430.0000000000,166.2000000000,161.9000000000,2016,13,10,tsic10_2016_2020,0.0460122786,330.0185299568,392.5330926594,60094.5828841673,73376.5766943701,371.1833408534,441.4956479806,88.9098441751
個人及家庭用品維修業,個人及家庭用品維修業,37957.0000000000,38364.0000000000,31421.0000000000,174.4000000000,170.5000000000,2016,14,10,tsic10_2016_2020,0.0050954267,184.2873900293,219.9770642202,35340.2936328546,43149.3276767396,207.2744494596,247.4158697061,88.9098441751
其他個人服務業,其他個人服務業,21709.0000000000,35029.0000000000,30855.0000000000,182.2000000000,178.2000000000,2016,14,10,tsic10_2016_2020,0.0029142613,173.1481481481,192.2557628979,34703.6937093577,39398.3369614355,194.7457559448,216.2367561001,88.9098441751
美髮及美容美體業,美髮及美容美體業,27395.0000000000,27601.0000000000,26253.0000000000,195.6000000000,194.5000000000,2016,14,10,tsic10_2016_2020,0.0036775618,134.9768637532,141.1094069530,29527.6639426922,31043.8065166742,151.8131822246,158.7106672632,88.9098441751
石油及天然氣礦業,石油及天然氣礦業,1448.0000000000,89775.0000000000,60683.0000000000,172.7000000000,163.2000000000,2017,1,10,tsic10_2016_2020,0.0001915359,371.8321078431,519.8320787493,67830.6576466827,100349.3118374329,415.6290296978,581.0614466557,89.4624969082
砂石及黏土採取業,砂、石及黏土採取業,2217.0000000000,34441.0000000000,31410.0000000000,168.5000000000,165.1000000000,2017,1,10,tsic10_2016_2020,0.0002932562,190.2483343428,204.3976261128,35109.6840413675,38497.6958952161,212.6570808078,228.4729726719,89.4624969082
其他製造業,其他製造業,81232.0000000000,40759.0000000000,33787.0000000000,172.5000000000,160.5000000000,2017,2,10,tsic10_2016_2020,0.0107450560,210.5109034268,236.2840579710,37766.6633144121,45559.8730290385,235.3063134854,264.1152059654,89.4624969082
其他運輸工具及其零件製造業,其他運輸工具及其零件製造業,72425.0000000000,48041.0000000000,38321.0000000000,175.3000000000,159.5000000000,2017,2,10,tsic10_2016_2020,0.0095801000,240.2570532915,274.0501996577,42834.7087599250,53699.5966581132,268.5561677738,306.3297014154,89.4624969082
化學材料製造業,化學材料製造業,62149.0000000000,71096.0000000000,50350.0000000000,172.9000000000,161.4000000000,2017,2,10,tsic10_2016_2020,0.0082208303,311.9578686493,411.1972238288,56280.5664273433,79470.1718116862,348.7023942215,459.6308375459,89.4624969082
化學製品製造業,化學製品製造業,48809.0000000000,54011.0000000000,44994.0000000000,171.0000000000,160.8000000000,2017,2,10,tsic10_2016_2020,0.0064562665,279.8134328358,315.8538011696,50293.7002151318,60372.7839782967,312.7717675070,353.0572162473,89.4624969082
印刷及資料儲存媒體複製業,印刷及資料儲存媒體複製業,64292.0000000000,37861.0000000000,31179.0000000000,175.7000000000,162.1000000000,2017,2,10,tsic10_2016_2020,0.0085042980,192.3442319556,215.4866249289,34851.4752857624,42320.5268223564,214.9998475371,240.8681094044,89.4624969082
基本金屬製造業,基本金屬製造業,112320.0000000000,55964.0000000000,40183.0000000000,180.0000000000,162.1000000000,2017,2,10,tsic10_2016_2020,0.0148572568,247.8901912400,310.9111111111,44916.0278202569,62555.8216393216,277.0883887739,347.5323424407,89.4624969082
塑膠製品製造業,塑膠製品製造業,138019.0000000000,40213.0000000000,33390.0000000000,172.6000000000,160.6000000000,2017,2,10,tsic10_2016_2020,0.0182566215,207.9078455791,232.9837775203,37322.9019465540,44949.5614248810,232.3966497295,260.4261959727,89.4624969082
家具製造業,家具製造業,24768.0000000000,31767.0000000000,27811.0000000000,167.2000000000,158.6000000000,2017,2,10,tsic10_2016_2020,0.0032762156,175.3530895334,189.9940191388,31086.7692733038,35508.7339363936,196.0073724672,212.3728106244,89.4624969082
成衣及服飾品製造業,成衣及服飾品製造業,40514.0000000000,34195.0000000000,30157.0000000000,165.7000000000,158.9000000000,2017,2,10,tsic10_2016_2020,0.0053590358,189.7860289490,206.3669281835,33709.0971549035,38222.7203372990,212.1403219314,230.6742325727,89.4624969082
木竹製品製造業,木竹製品製造業,18476.0000000000,37258.0000000000,31094.0000000000,179.0000000000,163.8000000000,2017,2,10,tsic10_2016_2020,0.0024439341,189.8290598291,208.1452513966,34756.4634059943,41646.5013694133,212.1884212820,232.6620188235,89.4624969082
機械設備製造業,機械設備製造業,228186.0000000000,40682.0000000000,32449.0000000000,174.3000000000,160.1000000000,2017,2,10,tsic10_2016_2020,0.0301835649,202.6795752655,233.4021801492,36271.0645481800,45473.8034438368,226.5525580773,260.8938809170,89.4624969082
橡膠製品製造業,橡膠製品製造業,39201.0000000000,40454.0000000000,32191.0000000000,182.4000000000,160.9000000000,2017,2,10,tsic10_2016_2020,0.0051853572,200.0683654444,221.7872807018,35982.6755484133,45218.9480486941,223.6337821530,247.9108993898,89.4624969082
汽車及其零件製造業,汽車及其零件製造業,83552.0000000000,47315.0000000000,36036.0000000000,177.0000000000,159.5000000000,2017,2,10,tsic10_2016_2020,0.0110519366,225.9310344828,267.3163841808,40280.5658743941,52888.0834262115,252.5427327548,298.8027312215,89.4624969082
產業用機械設備維修及安裝業,產業用機械設備維修及安裝業,43004.0000000000,48741.0000000000,39286.0000000000,171.1000000000,161.9000000000,2017,2,10,tsic10_2016_2020,0.0056884034,242.6559604694,284.8684979544,43913.3730419982,54482.0474326741,271.2376346016,318.4222526749,89.4624969082
皮革毛皮及其製品製造業,皮革、毛皮及其製品製造業,26725.0000000000,44186.0000000000,34099.0000000000,171.3000000000,159.9000000000,2017,2,10,tsic10_2016_2020,0.0035350800,213.2520325203,257.9451255108,38115.4128025021,49390.5284639244,238.3703114603,288.3276617859,89.4624969082
石油及煤製品製造業,石油及煤製品製造業,11355.0000000000,90164.0000000000,60674.0000000000,177.0000000000,163.4000000000,2017,2,10,tsic10_2016_2020,0.0015019957,371.3219094247,509.4011299435,67820.5975652955,100784.1309107246,415.0587366297,569.4018695521,89.4624969082
紙漿紙及紙製品製造業,紙漿、紙及紙製品製造業,51788.0000000000,37622.0000000000,31656.0000000000,175.1000000000,161.6000000000,2017,2,10,tsic10_2016_2020,0.0068503171,195.8910891089,214.8600799543,35384.6595992846,42053.3757721849,218.9644777183,240.1677656892,89.4624969082
紡織業,紡織業,104430.0000000000,39605.0000000000,32882.0000000000,181.7000000000,162.7000000000,2017,2,10,tsic10_2016_2020,0.0138135980,202.1020282729,217.9691799670,36755.0662415870,44269.9470378338,225.9069836606,243.6430767079,89.4624969082
藥品及醫用化學製品製造業,藥品及醫用化學製品製造業,29473.0000000000,50006.0000000000,38211.0000000000,171.1000000000,160.3000000000,2017,2,10,tsic10_2016_2020,0.0038985749,238.3718028696,292.2618351841,42711.7522096369,55896.0477609877,266.4488596983,326.6864275920,89.4624969082
金屬製品製造業,金屬製品製造業,334131.0000000000,36717.0000000000,31053.0000000000,172.4000000000,160.0000000000,2017,2,10,tsic10_2016_2020,0.0441975613,194.0812500000,212.9756380510,34710.6341463415,41041.7786993598,216.9414634146,238.0613613652,89.4624969082
電力設備製造業,電力設備製造業,131441.0000000000,40139.0000000000,31817.0000000000,172.2000000000,159.7000000000,2017,2,10,tsic10_2016_2020,0.0173865090,199.2298058860,233.0952380952,35564.6232774336,44866.8452001417,222.6964513302,260.5507851344,89.4624969082
電子零組件製造業,電子零組件製造業,598479.0000000000,64499.0000000000,42518.0000000000,180.7000000000,160.5000000000,2017,2,10,tsic10_2016_2020,0.0791644962,264.9096573209,356.9396790260,47526.0600468279,72096.1321548603,296.1125236562,398.9824690363,89.4624969082
電腦電子產品及光學製品製造業,電腦、電子產品及光學製品製造業,209727.0000000000,57416.0000000000,44606.0000000000,171.4000000000,161.8000000000,2017,2,10,tsic10_2016_2020,0.0277418795,275.6860321384,334.9824970828,49859.9989286609,64178.8481031250,308.1582134033,374.4390204383,89.4624969082
非金屬礦物製品製造業,非金屬礦物製品製造業,71998.0000000000,39356.0000000000,32068.0000000000,173.4000000000,160.5000000000,2017,2,10,tsic10_2016_2020,0.0095236180,199.8006230530,226.9665513264,35845.1877694547,43991.6181194543,223.3345032365,253.7002198354,89.4624969082
食品製造業,食品製造業,118844.0000000000,40242.0000000000,33251.0000000000,175.4000000000,160.5000000000,2017,2,10,tsic10_2016_2020,0.0157202264,207.1713395639,229.4298745724,37167.5295784626,44981.9772426842,231.5733930122,256.4536900951,89.4624969082
飲料及菸草製造業,飲料及菸草製造業,16230.0000000000,56558.0000000000,42269.0000000000,175.3000000000,163.2000000000,2017,2,10,tsic10_2016_2020,0.0021468419,259.0012254902,322.6354820308,47247.7311284484,63219.7870108775,289.5081564243,360.6376897369,89.4624969082
廢(污)水處理業,廢（污）水處理業,1919.0000000000,35518.0000000000,32149.0000000000,169.9000000000,166.3000000000,2017,3,10,tsic10_2016_2020,0.0002538379,193.3193024654,209.0523837552,35935.7285019396,39701.5523012191,216.0897685023,233.6759994186,89.4624969082
廢棄物清除業,廢棄物清除業,8202.0000000000,30262.0000000000,27275.0000000000,166.4000000000,161.9000000000,2017,3,10,tsic10_2016_2020,0.0010849290,168.4681902409,181.8629807692,30487.6355373543,33826.4647710877,188.3115227755,203.2840430955,89.4624969082
廢棄物處理業,廢棄物處理業,5869.0000000000,35714.0000000000,30908.0000000000,172.5000000000,165.2000000000,2017,3,10,tsic10_2016_2020,0.0007763287,187.0944309927,207.0376811594,34548.5550573253,39920.6385180961,209.1316892090,231.4239914093,89.4624969082
氣體燃料供應業,氣體燃料供應業,5421.0000000000,67629.0000000000,48667.0000000000,170.3000000000,164.3000000000,2017,3,10,tsic10_2016_2020,0.0007170690,296.2081558125,397.1168526130,54399.3312079348,75594.8049039683,331.0975727811,443.8919841689,89.4624969082
污染整治業,污染整治業,6047.0000000000,31693.0000000000,28447.0000000000,167.2000000000,160.5000000000,2017,3,10,tsic10_2016_2020,0.0007998739,177.2398753894,189.5514354067,31797.6816913334,35426.0177116543,198.1163968307,211.8780963616,89.4624969082
用水供應業,用水供應業,6145.0000000000,83834.0000000000,59423.0000000000,165.3000000000,163.5000000000,2017,3,10,tsic10_2016_2020,0.0008128369,363.4434250765,507.1627344223,66422.2462524732,93708.5403350527,406.2522706573,566.8998205387,89.4624969082
電力供應業,電力供應業,24995.0000000000,100390.0000000000,67343.0000000000,177.8000000000,164.9000000000,2017,3,10,tsic10_2016_2020,0.0033062423,408.3869011522,564.6231721035,75275.1178732191,112214.6189402383,456.4894958958,631.1283404963,89.4624969082
其他專門營造業,其他專門營造業,164694.0000000000,41791.0000000000,38525.0000000000,162.2000000000,160.2000000000,2017,5,10,tsic10_2016_2020,0.0217850878,240.4806491885,257.6510480888,43062.7372713685,46713.4290281054,268.8061003207,287.9989459193,89.4624969082
土木工程業,土木工程業,81585.0000000000,39082.0000000000,33782.0000000000,171.0000000000,165.6000000000,2017,5,10,tsic10_2016_2020,0.0107917495,203.9975845411,228.5497076023,37761.0743803081,43685.3445305548,228.0258114753,255.4698510559,89.4624969082
建築工程業,建築工程業,75724.0000000000,46482.0000000000,41574.0000000000,163.8000000000,160.3000000000,2017,5,10,tsic10_2016_2020,0.0100164790,259.3512164691,283.7728937729,46470.8692879915,51956.9670044841,289.8993717280,317.1976007600,89.4624969082
批發業,批發業,1073693.0000000000,51413.0000000000,41934.0000000000,164.8000000000,161.9000000000,2017,5,10,tsic10_2016_2020,0.1420239732,259.0117356393,311.9720873786,46873.2725434800,57468.7738178551,289.5199045305,348.7182877297,89.4624969082
機電管道及其他建築設備安裝業,機電、管道及其他建築設備安裝業,139024.0000000000,43196.0000000000,37913.0000000000,166.4000000000,162.0000000000,2017,5,10,tsic10_2016_2020,0.0183895591,234.0308641975,259.5913461538,42378.6517370381,48283.9195113311,261.5966156607,290.1677855248,89.4624969082
綜合商品零售業,綜合商品零售業,170285.0000000000,44503.0000000000,39852.0000000000,158.1000000000,155.2000000000,2017,5,10,tsic10_2016_2020,0.0225246437,256.7783505155,281.4864010120,44546.0403825717,49744.8668861184,287.0234560733,314.6417892860,89.4624969082
零售業,零售業,437609.0000000000,38559.0000000000,32663.0000000000,166.9000000000,162.1000000000,2017,5,10,tsic10_2016_2020,0.0578852325,201.4990746453,231.0305572199,36510.2709278315,43100.7420232757,225.2330100421,258.2429120628,89.4624969082
倉儲業,倉儲業,12856.0000000000,47960.0000000000,39489.0000000000,173.0000000000,161.5000000000,2017,7,10,tsic10_2016_2020,0.0017005421,244.5139318885,277.2254335260,44140.2837666209,53609.0559256283,273.3144505673,309.8789359863,89.4624969082
公共汽車客運業,公共汽車客運業,23032.0000000000,49360.0000000000,41181.0000000000,195.2000000000,166.1000000000,2017,7,10,tsic10_2016_2020,0.0030465842,247.9289584588,252.8688524590,46031.5790674166,55173.9574747501,277.1317222602,282.6534706698,89.4624969082
其他汽車客運業,其他汽車客運業,11592.0000000000,26489.0000000000,24144.0000000000,170.1000000000,167.5000000000,2017,7,10,tsic10_2016_2020,0.0015333451,144.1432835821,155.7260435038,26987.8450014256,29609.0550962045,161.1214626951,174.0685190841,89.4624969082
其他運輸輔助業,其他運輸輔助業,68754.0000000000,46172.0000000000,37737.0000000000,167.6000000000,160.8000000000,2017,7,10,tsic10_2016_2020,0.0090945142,234.6828358209,275.4892601432,42181.9212565771,51610.4530900357,262.3253809489,307.9382642604,89.4624969082
快遞服務業,快遞服務業,11846.0000000000,58450.0000000000,47784.0000000000,171.8000000000,163.3000000000,2017,7,10,tsic10_2016_2020,0.0015669432,292.6148193509,340.2211874272,53412.3254451673,65334.6396758335,327.0809886416,380.2947594635,89.4624969082
汽車貨運業,汽車貨運業,76187.0000000000,36322.0000000000,31872.0000000000,174.4000000000,164.3000000000,2017,7,10,tsic10_2016_2020,0.0100777228,193.9866098600,208.2683486239,35626.1015525777,40600.2529051433,216.8356759134,232.7996152818,89.4624969082
海洋水運業,海洋水運業,7398.0000000000,85476.0000000000,73334.0000000000,165.1000000000,160.7000000000,2017,7,10,tsic10_2016_2020,0.0009785789,456.3410080896,517.7225923683,81971.7787166395,95543.9462948083,510.0919646337,578.7034905803,89.4624969082
港埠業,港埠業,2507.0000000000,90791.0000000000,62256.0000000000,163.2000000000,159.1000000000,2017,7,10,tsic10_2016_2020,0.0003316163,391.3010685104,556.3174019608,69588.9363158031,101484.9832473670,437.3911773463,621.8442600942,89.4624969082
航空運輸業,航空運輸業,23919.0000000000,88770.0000000000,67342.0000000000,166.8000000000,164.0000000000,2017,7,10,tsic10_2016_2020,0.0031639132,410.6219512195,532.1942446043,75274.0000863983,99225.9360825277,458.9878054049,594.8797127250,89.4624969082
郵政業,郵政業,26597.0000000000,75718.0000000000,51454.0000000000,163.2000000000,160.9000000000,2017,7,10,tsic10_2016_2020,0.0035181487,319.7886886265,463.9583333333,57514.6030775079,84636.5824974296,357.4555815880,518.6065104009,89.4624969082
鐵路大眾捷運系統運輸業,鐵路大眾捷運系統運輸業,25758.0000000000,64576.0000000000,46663.0000000000,174.6000000000,164.7000000000,2017,7,10,tsic10_2016_2020,0.0034071690,283.3211900425,369.8510882016,52159.2864190491,72182.2017400620,316.6926922832,413.4146720508,89.4624969082
住宿服務業,住宿服務業,73021.0000000000,37497.0000000000,32753.0000000000,161.4000000000,159.1000000000,2017,8,10,tsic10_2016_2020,0.0096589365,205.8642363294,232.3234200743,36610.8717417036,41913.6524195848,230.1123302433,259.6880571226,89.4624969082
傳播及節目播送業,傳播及節目播送業,23664.0000000000,49603.0000000000,41751.0000000000,166.0000000000,161.3000000000,2017,8,10,tsic10_2016_2020,0.0031301827,258.8406695598,298.8132530120,46668.7175552733,55445.5796722048,289.3286891213,334.0095160976,89.4624969082
其他餐飲業,其他餐飲業,71872.0000000000,39700.0000000000,35035.0000000000,164.0000000000,157.9000000000,2017,8,10,tsic10_2016_2020,0.0095069512,221.8809373021,242.0731707317,39161.6612667721,44376.1367858099,248.0155875033,270.5861999135,89.4624969082
出版業,出版業,31638.0000000000,56380.0000000000,50482.0000000000,161.1000000000,159.6000000000,2017,8,10,tsic10_2016_2020,0.0041849527,316.3032581454,349.9689633768,56428.1142876891,63020.8209567749,353.5596133314,391.1906949520,89.4624969082
影片服務聲音錄製及音樂出版業,影片服務、聲音錄製及音樂出版業,17043.0000000000,41455.0000000000,37835.0000000000,158.0000000000,157.1000000000,2017,8,10,tsic10_2016_2020,0.0022543824,240.8338637810,262.3734177215,42291.4643650156,46337.8526563162,269.2009189371,293.2775484577,89.4624969082
資料處理及資訊供應服務業,資料處理及資訊供應服務業,17696.0000000000,70505.0000000000,62697.0000000000,161.9000000000,160.7000000000,2017,8,10,tsic10_2016_2020,0.0023407587,390.1493466086,435.4848672020,70081.8803037765,78809.5598005927,436.1037977833,486.7792452168,89.4624969082
電信業,電信業,42899.0000000000,103480.0000000000,66101.0000000000,164.3000000000,160.9000000000,2017,8,10,tsic10_2016_2020,0.0056745144,410.8203853325,629.8234936093,73886.8266417839,115668.5802165142,459.2096124412,704.0084005874,89.4624969082
電腦系統設計服務業,電腦系統設計服務業,69508.0000000000,66502.0000000000,58499.0000000000,162.7000000000,161.2000000000,2017,8,10,tsic10_2016_2020,0.0091942504,362.8970223325,408.7400122926,65389.4112300528,74335.0591569253,405.6415088713,456.8841988748,89.4624969082
餐館業,餐館業,273822.0000000000,30848.0000000000,27859.0000000000,159.2000000000,156.5000000000,2017,8,10,tsic10_2016_2020,0.0362201191,178.0127795527,193.7688442211,31140.4230407022,34481.4878480772,198.9803389182,216.5922603522,89.4624969082
不動產經營及相關服務業,不動產經營及相關服務業,70737.0000000000,36577.0000000000,31691.0000000000,171.6000000000,169.7000000000,2017,10,10,tsic10_2016_2020,0.0093568178,186.7472009428,213.1526806527,35423.7821380127,40885.2885444476,208.7435600354,238.2592572520,89.4624969082
不動產開發業,不動產開發業,44895.0000000000,54002.0000000000,44870.0000000000,164.9000000000,163.7000000000,2017,10,10,tsic10_2016_2020,0.0059385376,274.0989615150,327.4833232262,50155.0946493524,60362.7238969095,306.3842067767,366.0565427344,89.4624969082
人身保險業,人身保險業,113991.0000000000,74274.0000000000,58253.0000000000,164.8000000000,163.6000000000,2017,10,10,tsic10_2016_2020,0.0150782903,356.0696821516,450.6917475728,65114.4356721357,83022.4983281926,398.0099979959,503.7772956808,89.4624969082
信用合作社業,信用合作社業,3899.0000000000,74435.0000000000,46990.0000000000,163.6000000000,162.6000000000,2017,10,10,tsic10_2016_2020,0.0005157447,288.9913899139,454.9816625917,52524.8027094511,83202.4620063416,323.0307669708,508.5725061512,89.4624969082
其他保險及退休基金輔助業,其他保險及退休基金輔助業,469.0000000000,99941.0000000000,83465.0000000000,168.4000000000,165.6000000000,2017,10,10,tsic10_2016_2020,0.0000620375,504.0157004831,593.4738717340,93296.0769981770,111712.7326576985,563.3821074769,663.3772723141,89.4624969082
其他金融中介業,其他金融中介業,37847.0000000000,104675.0000000000,58264.0000000000,159.1000000000,158.0000000000,2017,10,10,tsic10_2016_2020,0.0050062553,368.7594936709,657.9195474544,65126.7313271645,117004.3354673717,412.1945020707,735.4137992921,89.4624969082
證券期貨及其他金融業,證券期貨及其他金融業,50354.0000000000,79684.0000000000,60627.0000000000,161.5000000000,160.9000000000,2017,10,10,tsic10_2016_2020,0.0066606331,376.7992541952,493.3993808050,67768.0615847179,89069.7250287274,421.1812404271,551.5153252553,89.4624969082
財產保險業,財產保險業,16352.0000000000,62029.0000000000,46563.0000000000,164.6000000000,162.5000000000,2017,10,10,tsic10_2016_2020,0.0021629796,286.5415384615,376.8469015796,52047.5077369690,69335.1987074812,320.2923553044,421.2345000455,89.4624969082
農會漁會信用部,農會、漁會信用部,10607.0000000000,61813.0000000000,48961.0000000000,164.6000000000,164.4000000000,2017,10,10,tsic10_2016_2020,0.0014030531,297.8163017032,375.5346294046,54727.9605332504,69093.7567541882,332.8951370636,419.7676595030,89.4624969082
銀行業,銀行業,148258.0000000000,97786.0000000000,64755.0000000000,167.2000000000,161.0000000000,2017,10,10,tsic10_2016_2020,0.0196109970,402.2049689441,584.8444976077,72382.2855809855,109303.9020588718,449.5794135465,653.7314716440,89.4624969082
企業總管理機構及管理顧問業,企業總管理機構及管理顧問業,83761.0000000000,60310.0000000000,49090.0000000000,165.2000000000,162.1000000000,2017,11,10,tsic10_2016_2020,0.0110795824,302.8377544725,365.0726392252,54872.1550331337,67413.7231625239,338.5080507905,408.0733847610,89.4624969082
其他專業科學及技術服務業,其他專業、科學及技術服務業,19779.0000000000,48260.0000000000,44277.0000000000,163.2000000000,162.1000000000,2017,11,10,tsic10_2016_2020,0.0026162899,273.1462060457,295.7107843137,49492.2470646173,53944.3919718687,305.3192292697,330.5416174747,89.4624969082
專門設計服務業,專門設計服務業,25184.0000000000,71998.0000000000,64010.0000000000,167.8000000000,166.3000000000,2017,11,10,tsic10_2016_2020,0.0033312425,384.9067949489,429.0703218117,71549.5343994885,80478.4155240490,430.2437426307,479.6091509181,89.4624969082
廣告業及市場研究業,廣告業及市場研究業,43594.0000000000,51511.0000000000,47880.0000000000,161.4000000000,159.7000000000,2017,11,10,tsic10_2016_2020,0.0057664464,299.8121477771,319.1511771995,53519.6329799642,57578.3169262936,335.1260675013,356.7429797168,89.4624969082
建築工程服務及技術檢測,建築、工程服務及技術檢測,53218.0000000000,64180.0000000000,53928.0000000000,165.5000000000,160.6000000000,2017,11,10,tsic10_2016_2020,0.0070394720,335.7907845579,387.7945619335,60280.0076721702,71739.5581590247,375.3425135253,433.4716505077,89.4624969082
會計服務業,會計服務業,24256.0000000000,59748.0000000000,48236.0000000000,172.1000000000,160.9000000000,2017,11,10,tsic10_2016_2020,0.0032084902,299.7886886265,347.1702498547,53917.5650881695,66785.5269692336,335.0998451720,388.0623298619,89.4624969082
法律服務業,法律服務業,10314.0000000000,63738.0000000000,47197.0000000000,161.3000000000,157.9000000000,2017,11,10,tsic10_2016_2020,0.0013642962,298.9043698543,395.1518908865,52756.1845813570,71245.4963842306,334.1113653031,441.6955758477,89.4624969082
人力仲介業,人力仲介業,22389.0000000000,39107.0000000000,34574.0000000000,166.7000000000,163.4000000000,2017,12,10,tsic10_2016_2020,0.0029615307,211.5911872705,234.5950809838,38646.3615423827,43713.2892010748,236.5138405287,262.2272897485,89.4624969082
人力供應業,人力供應業,115444.0000000000,37093.0000000000,34288.0000000000,167.2000000000,160.8000000000,2017,12,10,tsic10_2016_2020,0.0152704875,213.2338308458,221.8480861244,38326.6745116335,41462.0665439811,238.3499658684,247.9788668898,89.4624969082
保全及私家偵探服務業,保全及私家偵探服務業,93931.0000000000,33906.0000000000,29762.0000000000,219.3000000000,200.7000000000,2017,12,10,tsic10_2016_2020,0.0124248308,148.2909815645,154.6101231190,33267.5713606870,37899.6799460875,165.7577048365,172.8211579849,89.4624969082
其他教育及教育輔助服務業,其他教育及教育輔助服務業,74644.0000000000,25288.0000000000,23792.0000000000,132.0000000000,131.4000000000,2017,12,10,tsic10_2016_2020,0.0098736207,181.0654490107,191.5757575758,26594.3840405035,28266.5931244222,202.3925726066,214.1408570032,89.4624969082
建築物及綠化服務業,建築物及綠化服務業,59342.0000000000,31111.0000000000,29321.0000000000,173.3000000000,166.4000000000,2017,12,10,tsic10_2016_2020,0.0078495311,176.2079326923,179.5210617426,32774.6273727137,34775.4657819479,196.9629048841,200.6662768722,89.4624969082
旅行及相關代訂服務業,旅行及相關代訂服務業,28670.0000000000,43426.0000000000,38729.0000000000,163.8000000000,163.1000000000,2017,12,10,tsic10_2016_2020,0.0037923571,237.4555487431,265.1159951160,43290.7657828119,48541.0104801154,265.4246829112,296.3431653243,89.4624969082
業務及辦公室支援服務業,業務及辦公室支援服務業,15946.0000000000,45260.0000000000,39497.0000000000,163.1000000000,161.0000000000,2017,12,10,tsic10_2016_2020,0.0021092754,245.3229813665,277.4984671980,44149.2260611873,50591.0315094649,274.2187954111,310.1841294265,89.4624969082
租賃業,租賃業,14776.0000000000,40203.0000000000,33867.0000000000,165.0000000000,163.1000000000,2017,12,10,tsic10_2016_2020,0.0019545123,207.6456161864,243.6545454545,37856.0862600762,44938.3835566730,232.1035331703,272.3538397374,89.4624969082
個人及家庭用品維修業,個人及家庭用品維修業,38320.0000000000,38656.0000000000,32224.0000000000,174.1000000000,170.7000000000,2017,13,10,tsic10_2016_2020,0.0050688220,188.7756297598,222.0333141872,36019.5625134997,43209.1673448934,211.0109110340,248.1859123773,89.4624969082
其他個人服務業,其他個人服務業,22218.0000000000,35478.0000000000,31608.0000000000,171.7000000000,168.6000000000,2017,13,10,tsic10_2016_2020,0.0029389114,187.4733096085,206.6278392545,35331.0058318862,39656.8408283870,209.5551947324,230.9658755293,89.4624969082
創作及藝術表演業,創作及藝術表演業,7945.0000000000,40945.0000000000,37229.0000000000,154.2000000000,152.4000000000,2017,13,10,tsic10_2016_2020,0.0010509340,244.2847769029,265.5317769131,41614.0855516100,45767.7813777075,273.0583041444,296.8079207374,89.4624969082
美髮及美容美體業,美髮及美容美體業,27633.0000000000,28029.0000000000,26856.0000000000,191.6000000000,191.1000000000,2017,13,10,tsic10_2016_2020,0.0036551868,140.5337519623,146.2891440501,30019.2828594386,31330.4468002385,157.0867758212,163.5200772455,89.4624969082
運動娛樂及休閒服務業,運動、娛樂及休閒服務業,49433.0000000000,36930.0000000000,34636.0000000000,166.3000000000,164.2000000000,2017,13,10,tsic10_2016_2020,0.0065388068,210.9378806334,222.0685508118,38715.6643252724,41279.8672921905,235.7835829797,248.2252994118,89.4624969082
醫療保健服務業,醫療保健服務業,353682.0000000000,65681.0000000000,53605.0000000000,166.8000000000,163.2000000000,2017,13,10,tsic10_2016_2020,0.0467836923,328.4620098039,393.7709832134,59918.9625290514,73417.3561770474,367.1505056927,440.1520154499,89.4624969082
石油及天然氣礦業,石油及天然氣礦業,1334.0000000000,90387.0000000000,60019.0000000000,169.8000000000,159.3000000000,2018,1,10,tsic10_2016_2020,0.0001693645,376.7671060891,532.3144876325,66194.5522309174,99687.2155899954,415.5339123096,587.0860753239,90.6706035122
砂石採取及其他礦業,砂、石採取及其他礦業,2161.0000000000,35238.0000000000,31830.0000000000,166.4000000000,163.6000000000,2018,1,10,tsic10_2016_2020,0.0002743604,194.5599022005,211.7668269231,35105.0933456089,38863.7536698890,214.5788101810,233.5562119585,90.6706035122
其他化學製品製造業,其他化學製品製造業,53615.0000000000,57414.0000000000,46051.0000000000,172.0000000000,161.4000000000,2018,2,10,tsic10_2016_2020,0.0068069557,285.3221809170,333.8023255814,50789.3387891497,63321.5152166130,314.6799181484,368.1483442826,90.6706035122
其他製造業,其他製造業,85110.0000000000,41471.0000000000,34838.0000000000,171.7000000000,159.5000000000,2018,2,10,tsic10_2016_2020,0.0108055581,218.4200626959,241.5317414094,38422.5963548327,45738.0875317546,240.8940210334,266.3837363527,90.6706035122
其他運輸工具及其零件製造業,其他運輸工具及其零件製造業,75241.0000000000,49175.0000000000,39277.0000000000,176.6000000000,159.7000000000,2018,2,10,tsic10_2016_2020,0.0095525907,245.9423919850,278.4541336353,43318.3396586705,54234.7774197398,271.2482132666,307.1051949023,90.6706035122
化學原材料肥料氮化合物,化學原材料、肥料、氮化合物、,68261.0000000000,75607.0000000000,51965.0000000000,175.2000000000,163.2000000000,2018,2,10,tsic10_2016_2020,0.0086664105,318.4129901961,431.5468036530,57311.8496922579,83386.4527986633,351.1755495849,475.9500730517,90.6706035122
印刷及資料儲存媒體複製業,印刷及資料儲存媒體複製業,59151.0000000000,38873.0000000000,32148.0000000000,175.1000000000,162.0000000000,2018,2,10,tsic10_2016_2020,0.0075098057,198.4444444444,222.0045688178,35455.8134110787,42872.7707704636,218.8630457474,244.8473487748,90.6706035122
基本金屬製造業,基本金屬製造業,111800.0000000000,57712.0000000000,41143.0000000000,178.7000000000,160.9000000000,2018,2,10,tsic10_2016_2020,0.0141941182,255.7054070851,322.9546726357,45376.3385334084,63650.1774163299,282.0157770877,356.1845406622,90.6706035122
塑膠製品製造業,塑膠製品製造業,138929.0000000000,41060.0000000000,33763.0000000000,172.7000000000,159.8000000000,2018,2,10,tsic10_2016_2020,0.0176384136,211.2828535670,237.7533294731,37236.9860706187,45284.7983905342,233.0224409926,262.2165511901,90.6706035122
家具製造業,家具製造業,28683.0000000000,32103.0000000000,28284.0000000000,167.2000000000,158.7000000000,2018,2,10,tsic10_2016_2020,0.0036415912,178.2230623819,192.0035885167,31194.2337476344,35406.1832131349,196.5610192037,211.7594689781,90.6706035122
成衣及服飾品製造業,成衣及服飾品製造業,40727.0000000000,37734.0000000000,31426.0000000000,169.5000000000,161.0000000000,2018,2,10,tsic10_2016_2020,0.0051706963,195.1925465839,222.6194690265,34659.5244574020,41616.5753158406,215.2765494249,245.5255180876,90.6706035122
木竹製品製造業,木竹製品製造業,16807.0000000000,35460.0000000000,30326.0000000000,176.8000000000,160.9000000000,2018,2,10,tsic10_2016_2020,0.0021338152,188.4773151025,200.5656108597,33446.3418409971,39108.5959797453,207.8703656992,221.2024659488,90.6706035122
機械設備製造業,機械設備製造業,239404.0000000000,43074.0000000000,33282.0000000000,174.5000000000,159.8000000000,2018,2,10,tsic10_2016_2020,0.0303947107,208.2728410513,246.8424068768,36706.4943992635,47506.0254718429,229.7027183934,272.2408336495,90.6706035122
橡膠製品製造業,橡膠製品製造業,39991.0000000000,41401.0000000000,32727.0000000000,181.0000000000,160.0000000000,2018,2,10,tsic10_2016_2020,0.0050772538,204.5437500000,228.7348066298,36094.3886246228,45660.8850016197,225.5899289039,252.2700828819,90.6706035122
汽車及其零件製造業,汽車及其零件製造業,85861.0000000000,47901.0000000000,36816.0000000000,176.2000000000,159.4000000000,2018,2,10,tsic10_2016_2020,0.0109009050,230.9661229611,271.8558456300,40604.1192777863,52829.6913712854,254.7309866862,299.8279873512,90.6706035122
產業用機械設備維修及安裝業,產業用機械設備維修及安裝業,45400.0000000000,53051.0000000000,42316.0000000000,172.3000000000,163.2000000000,2018,2,10,tsic10_2016_2020,0.0057639800,259.2892156863,307.8990133488,46670.0323598111,58509.5918026358,285.9683355381,339.5797550936,90.6706035122
皮革毛皮及其製品製造業,皮革、毛皮及其製品製造業,22902.0000000000,44537.0000000000,34571.0000000000,168.0000000000,159.3000000000,2018,2,10,tsic10_2016_2020,0.0029076359,217.0182046453,265.1011904762,38128.1238470325,49119.5583516615,239.3479211992,292.3783235218,90.6706035122
石油及煤製品製造業,石油及煤製品製造業,11535.0000000000,88627.0000000000,61802.0000000000,175.5000000000,159.7000000000,2018,2,10,tsic10_2016_2020,0.0014644826,386.9881026925,504.9971509972,68161.0109627811,97746.1234037475,426.8065808565,556.9579681125,90.6706035122
紙漿紙及紙製品製造業,紙漿、紙及紙製品製造業,49346.0000000000,39653.0000000000,32267.0000000000,175.8000000000,162.3000000000,2018,2,10,tsic10_2016_2020,0.0062649638,198.8108441158,225.5574516496,35587.0577123080,43733.0275348235,219.2671454856,248.7657994017,90.6706035122
紡織業,紡織業,106779.0000000000,40766.0000000000,33749.0000000000,183.7000000000,163.9000000000,2018,2,10,tsic10_2016_2020,0.0135566524,205.9121415497,221.9161676647,37221.5455645918,44960.5477639677,227.0991187589,244.7498517364,90.6706035122
藥品及醫用化學製品製造業,藥品及醫用化學製品製造業,31547.0000000000,51621.0000000000,38939.0000000000,172.9000000000,161.7000000000,2018,2,10,tsic10_2016_2020,0.0040052043,240.8101422387,298.5598611914,42945.5617274479,56932.4544013094,265.5878894709,329.2796668670,90.6706035122
金屬製品製造業,金屬製品製造業,342105.0000000000,37517.0000000000,31693.0000000000,172.7000000000,160.3000000000,2018,2,10,tsic10_2016_2020,0.0434336207,197.7105427324,217.2379849450,34953.9969652021,41377.2474724226,218.0536304754,239.5903154165,90.6706035122
電力設備及配備製造業,電力設備及配備製造業,122856.0000000000,44511.0000000000,34397.0000000000,173.0000000000,160.1000000000,2018,2,10,tsic10_2016_2020,0.0155977869,214.8469706433,257.2890173410,37936.2204149830,49090.8831261828,236.9532817925,283.7623302091,90.6706035122
電子零組件製造業,電子零組件製造業,632124.0000000000,71309.0000000000,43948.0000000000,181.6000000000,161.0000000000,2018,2,10,tsic10_2016_2020,0.0802544073,272.9689440994,392.6707048458,48469.9542052410,78646.2174483829,301.0556161816,433.0738846277,90.6706035122
電腦電子產品及光學製品製造業,電腦、電子產品及光學製品製造業,220345.0000000000,74324.0000000000,46552.0000000000,171.3000000000,162.3000000000,2018,2,10,tsic10_2016_2020,0.0279749818,286.8268638324,433.8820782253,51341.8883262578,81971.4407106201,316.3394228358,478.5256317024,90.6706035122
非金屬礦物製品製造業,非金屬礦物製品製造業,72236.0000000000,43199.0000000000,34506.0000000000,174.7000000000,160.7000000000,2018,2,10,tsic10_2016_2020,0.0091710762,214.7230864966,247.2753291357,38056.4357833359,47643.8871327980,236.8166507986,272.7183007029,90.6706035122
食品及飼品製造業,食品及飼品製造業,128379.0000000000,41744.0000000000,34368.0000000000,176.2000000000,160.8000000000,2018,2,10,tsic10_2016_2020,0.0162989865,213.7313432836,236.9125993190,37904.2365096415,46039.1773992805,235.7228638659,261.2893155464,90.6706035122
飲料及菸草製造業,飲料及菸草製造業,16028.0000000000,60035.0000000000,43510.0000000000,177.4000000000,163.6000000000,2018,2,10,tsic10_2016_2020,0.0020349135,265.9535452323,338.4160090192,47986.8869452543,66212.1985235197,293.3183798610,373.2367447775,90.6706035122
氣體燃料供應業,氣體燃料供應業,5514.0000000000,69423.0000000000,48873.0000000000,168.5000000000,163.8000000000,2018,3,10,tsic10_2016_2020,0.0007000570,298.3699633700,412.0059347181,53901.7036468723,76566.1607078922,329.0702298344,454.3985798688,90.6706035122
電力供應業,電力供應業,26162.0000000000,101667.0000000000,68001.0000000000,179.5000000000,166.4000000000,2018,3,10,tsic10_2016_2020,0.0033215252,408.6598557692,566.3899721448,74997.8464528669,112127.8518745844,450.7082118562,624.6676984657,90.6706035122
廢棄物清除業,廢棄物清除業,9789.0000000000,30427.0000000000,27679.0000000000,167.6000000000,163.2000000000,2018,4,10,tsic10_2016_2020,0.0012428106,169.6017156863,181.5453460621,30526.9833086117,33557.7340630488,187.0525938028,200.2251435743,90.6706035122
廢棄物處理業,廢棄物處理業,5774.0000000000,47884.0000000000,31583.0000000000,171.1000000000,163.7000000000,2018,4,10,tsic10_2016_2020,0.0007330665,192.9321930360,279.8597311514,34832.6787035616,52810.9421853955,212.7836206693,308.6554189678,90.6706035122
廢水及污水處理業,廢水及污水處理業,2287.0000000000,35636.0000000000,32646.0000000000,171.7000000000,169.3000000000,2018,4,10,tsic10_2016_2020,0.0002903573,192.8292971057,207.5480489225,36005.0542683239,39302.7051983701,212.6701374384,228.9033500196,90.6706035122
用水供應業,用水供應業,6447.0000000000,81737.0000000000,57710.0000000000,166.1000000000,164.4000000000,2018,4,10,tsic10_2016_2020,0.0008185106,351.0340632603,492.0951234196,63647.9716297547,90147.1886519019,387.1531121031,542.7284085003,90.6706035122
資源回收處理及污染整治業,資源回收處理及污染整治業,8786.0000000000,36023.0000000000,32271.0000000000,165.5000000000,158.6000000000,2018,4,10,tsic10_2016_2020,0.0011154698,203.4741488020,217.6616314199,35591.4692854585,39729.5249006871,224.4102729222,240.0575522700,90.6706035122
其他專門營造業,其他專門營造業,165867.0000000000,41472.0000000000,38903.0000000000,161.6000000000,160.1000000000,2018,5,10,tsic10_2016_2020,0.0210584597,242.9918800750,256.6336633663,42905.8575690928,45739.1904250422,267.9941134859,283.0395447094,90.6706035122
土木工程業,土木工程業,80042.0000000000,42090.0000000000,34977.0000000000,170.8000000000,165.0000000000,2018,5,10,tsic10_2016_2020,0.0101621253,211.9818181818,246.4285714286,38575.8985218147,46420.7784768043,233.7933243746,271.7844173115,90.6706035122
建築工程業,建築工程業,76157.0000000000,50076.0000000000,42637.0000000000,168.5000000000,164.3000000000,2018,5,10,tsic10_2016_2020,0.0096688860,259.5069993914,297.1869436202,47024.0611051438,55228.4842719043,286.2085277246,327.7654852932,90.6706035122
機電管道及其他建築設備安裝業,機電、管道及其他建築設備安裝業,140874.0000000000,43611.0000000000,38297.0000000000,166.9000000000,162.9000000000,2018,5,10,tsic10_2016_2020,0.0178853506,235.0951503990,261.3001797484,42237.5042367824,48098.2791673060,259.2848633320,288.1862143038,90.6706035122
批發業,批發業,1061609.0000000000,53648.0000000000,42742.0000000000,165.1000000000,161.8000000000,2018,6,10,tsic10_2016_2020,0.1347817851,264.1656365884,324.9424591157,47139.8649003461,59168.0190953574,291.3465074187,358.3768570282,90.6706035122
零售業,零售業,627187.0000000000,43283.0000000000,36334.0000000000,162.8000000000,158.4000000000,2018,6,10,tsic10_2016_2020,0.0796276063,229.3813131313,265.8660933661,40072.5247131434,47736.5301689598,252.9831105628,293.2219297848,90.6706035122
倉儲業,倉儲業,14801.0000000000,49724.0000000000,40364.0000000000,171.4000000000,160.6000000000,2018,7,10,tsic10_2016_2020,0.0018791337,251.3325031133,290.1050175029,44517.1846623361,54840.2658346547,277.1929306497,319.9548765149,90.6706035122
公共汽車客運業,公共汽車客運業,23719.0000000000,52050.0000000000,42653.0000000000,195.8000000000,167.0000000000,2018,7,10,tsic10_2016_2020,0.0030113622,255.4071856287,265.8324821246,47041.7073977461,57405.5956217073,281.6868706452,293.1848601722,90.6706035122
其他汽車客運業,其他汽車客運業,12124.0000000000,30243.0000000000,27635.0000000000,170.4000000000,168.0000000000,2018,7,10,tsic10_2016_2020,0.0015392620,164.4940476190,177.4823943662,30478.4560039555,33354.8016981229,181.4193809759,195.7441414209,90.6706035122
其他運輸輔助業,其他運輸輔助業,70209.0000000000,46584.0000000000,38714.0000000000,170.0000000000,162.7000000000,2018,7,10,tsic10_2016_2020,0.0089137285,237.9471419791,274.0235294118,42697.4107377287,51377.1809114623,262.4303057021,302.2187112439,90.6706035122
快遞業,快遞業,18925.0000000000,55974.0000000000,47807.0000000000,174.6000000000,164.1000000000,2018,7,10,tsic10_2016_2020,0.0024027163,291.3284582572,320.5841924399,52726.0194022471,61733.3488824101,321.3042011106,353.5701539657,90.6706035122
汽車貨運業,汽車貨運業,73323.0000000000,37455.0000000000,32150.0000000000,175.9000000000,166.0000000000,2018,7,10,tsic10_2016_2020,0.0093090816,193.6746987952,212.9334849346,35458.0191976540,41308.8680885888,213.6025252871,234.8429112484,90.6706035122
海洋水運業,海洋水運業,7537.0000000000,91294.0000000000,78017.0000000000,166.4000000000,162.9000000000,2018,7,10,tsic10_2016_2020,0.0009568969,478.9257213014,548.6418269231,86044.4256218778,100687.5398018857,528.2039633019,605.0933882325,90.6706035122
港埠業,港埠業,2558.0000000000,91260.0000000000,62939.0000000000,166.5000000000,161.4000000000,2018,7,10,tsic10_2016_2020,0.0003247635,389.9566294919,548.1081081081,69415.0006308288,100650.0414301059,430.0805491377,604.5047533340,90.6706035122
航空運輸業,航空運輸業,24501.0000000000,95591.0000000000,73349.0000000000,165.8000000000,163.6000000000,2018,7,10,tsic10_2016_2020,0.0031106448,448.3435207824,576.5440289505,80896.1197551702,105426.6722588785,494.4750596282,635.8665395590,90.6706035122
郵政業,郵政業,26326.0000000000,77178.0000000000,52347.0000000000,164.2000000000,162.0000000000,2018,7,10,tsic10_2016_2020,0.0033423466,323.1296296296,470.0243605359,57733.1549281367,85119.0981535471,356.3774995564,518.3867122628,90.6706035122
鐵路大眾捷運系統運輸業,鐵路大眾捷運系統運輸業,27261.0000000000,68234.0000000000,48349.0000000000,175.1000000000,166.1000000000,2018,7,10,tsic10_2016_2020,0.0034610542,291.0836845274,389.6858937750,53323.7875641485,75254.8205888872,321.0342418070,429.7819565328,90.6706035122
住宿業,住宿業,88184.0000000000,37112.0000000000,33680.0000000000,157.0000000000,155.0000000000,2018,8,10,tsic10_2016_2020,0.0111958329,217.2903225806,236.3821656051,37145.4459277445,40930.5756909280,239.6480382435,260.7043037639,90.6706035122
其他餐飲業,其他餐飲業,74503.0000000000,40829.0000000000,36843.0000000000,162.8000000000,158.5000000000,2018,8,10,tsic10_2016_2020,0.0094588943,232.4479495268,250.7923832924,40633.8973965526,45030.0300410891,256.3652832590,276.5972361246,90.6706035122
餐館,餐館,329102.0000000000,31735.0000000000,28597.0000000000,157.5000000000,154.1000000000,2018,8,10,tsic10_2016_2020,0.0417827609,185.5743024010,201.4920634921,31539.4393466660,35000.3184832830,204.6686524767,222.2242443383,90.6706035122
出版業,出版業,37020.0000000000,58532.0000000000,52183.0000000000,158.9000000000,157.7000000000,2018,9,10,tsic10_2016_2020,0.0047000559,330.9004438808,368.3574575205,57552.2804289636,64554.5499121955,364.9478784335,406.2589673518,90.6706035122
廣播電視節目編排及傳播業,廣播、電視節目編排及傳播業,16089.0000000000,49849.0000000000,42111.0000000000,164.4000000000,161.4000000000,2018,9,10,tsic10_2016_2020,0.0020426580,260.9107806691,303.2177615572,46443.9392358447,54978.1274956098,287.7567486731,334.4168339149,90.6706035122
影片及電視節目業;聲音錄製及音樂發行業,影片及電視節目業；聲音錄製及音樂發行業,18948.0000000000,42069.0000000000,38360.0000000000,154.9000000000,154.0000000000,2018,9,10,tsic10_2016_2020,0.0024056364,249.0909090909,271.5881213686,42306.9865139038,46397.6177177638,274.7206916487,299.5327160605,90.6706035122
資訊服務業,資訊服務業,24521.0000000000,74178.0000000000,66369.0000000000,158.8000000000,157.9000000000,2018,9,10,tsic10_2016_2020,0.0031131840,420.3229892337,467.1158690176,73197.9246074370,81810.4182906245,463.5714034670,515.1789564901,90.6706035122
電信業,電信業,52386.0000000000,94209.0000000000,63958.0000000000,163.8000000000,160.0000000000,2018,9,10,tsic10_2016_2020,0.0066509219,399.7375000000,575.1465201465,70538.8488909348,103902.4737353588,440.8678055683,634.3252364796,90.6706035122
電腦程式設計諮詢及相關服務業,電腦程式設計、諮詢及相關服務業,79425.0000000000,68571.0000000000,60326.0000000000,163.4000000000,161.9000000000,2018,9,10,tsic10_2016_2020,0.0100837910,372.6127239036,419.6511627907,66533.1404702232,75626.4956268222,410.9520720829,462.8304505925,90.6706035122
不動產經營及相關服務業,不動產經營及相關服務業,72156.0000000000,42973.0000000000,36045.0000000000,171.3000000000,168.5000000000,2018,10,10,tsic10_2016_2020,0.0091609194,213.9169139466,250.8639813193,39753.7885530152,47394.6332497911,235.9275285045,276.6762011079,90.6706035122
不動產開發業,不動產開發業,42748.0000000000,55564.0000000000,47689.0000000000,165.2000000000,163.6000000000,2018,10,10,tsic10_2016_2020,0.0054272823,291.4975550122,336.3438256659,52595.8779943055,61281.1626344774,321.4906967867,370.9513476663,90.6706035122
人身保險業,人身保險業,114050.0000000000,75250.0000000000,60195.0000000000,165.4000000000,164.0000000000,2018,10,10,tsic10_2016_2020,0.0144797780,367.0426829268,454.9576783555,66388.6614495422,82992.7198949755,404.8089112777,501.7697696190,90.6706035122
信用合作社,信用合作社,3917.0000000000,76752.0000000000,47117.0000000000,163.8000000000,162.7000000000,2018,10,10,tsic10_2016_2020,0.0004973020,289.5943454210,468.5714285714,51965.0230337749,84649.2656130121,319.3916597036,516.7842833517,90.6706035122
其他保險輔助業,其他保險輔助業,923.0000000000,110687.0000000000,84066.0000000000,168.7000000000,165.9000000000,2018,10,10,tsic10_2016_2020,0.0001171840,506.7269439421,656.1173681091,92715.8271188175,122075.9493291051,558.8657451406,723.6274411921,90.6706035122
其他金融服務業,其他金融服務業,41231.0000000000,108870.0000000000,58689.0000000000,159.7000000000,158.6000000000,2018,10,10,tsic10_2016_2020,0.0052346841,370.0441361917,681.7157169693,64727.7041583551,120071.9922254616,408.1191939367,751.8596883247,90.6706035122
證券期貨及金融輔助業,證券期貨及金融輔助業,50016.0000000000,88436.0000000000,62826.0000000000,164.1000000000,163.4000000000,2018,10,10,tsic10_2016_2020,0.0063500270,384.4920440636,538.9152955515,69290.3736893254,97535.4707858081,424.0536945491,594.3660620707,90.6706035122
財產保險業,財產保險業,16800.0000000000,65176.0000000000,47281.0000000000,164.3000000000,162.5000000000,2018,10,10,tsic10_2016_2020,0.0021329265,290.9600000000,396.6889835666,52145.8975329480,71882.1729152814,320.8978309720,437.5056172567,90.6706035122
農會及漁會信用部,農會及漁會信用部,10807.0000000000,62062.0000000000,49316.0000000000,164.8000000000,164.6000000000,2018,10,10,tsic10_2016_2020,0.0013720558,299.6111786148,376.5898058252,54390.2853732972,68447.7632175677,330.4391577965,415.3383690386,90.6706035122
銀行業,銀行業,149621.0000000000,99559.0000000000,65912.0000000000,169.1000000000,162.5000000000,2018,10,10,tsic10_2016_2020,0.0189958690,405.6123076923,588.7581312833,72693.9023749851,109802.9528242375,447.3470915384,649.3373910363,90.6706035122
企業總管理機構及管理顧問業,企業總管理機構及管理顧問業,80034.0000000000,60943.0000000000,49854.0000000000,163.2000000000,160.5000000000,2018,11,10,tsic10_2016_2020,0.0101611096,310.6168224299,373.4252450980,54983.6419620480,67213.6256286976,342.5772084863,411.8481962543,90.6706035122
其他專業科學及技術服務業,其他專業、科學及技術服務業,19391.0000000000,49934.0000000000,45685.0000000000,162.6000000000,160.4000000000,2018,11,10,tsic10_2016_2020,0.0024618797,284.8192019950,307.0971709717,50385.6798458732,55071.8734250593,314.1251860715,338.6954085182,90.6706035122
專門設計業,專門設計業,27800.0000000000,65794.0000000000,57809.0000000000,165.7000000000,164.0000000000,2018,11,10,tsic10_2016_2020,0.0035294856,352.4939024390,397.0669885335,63757.1580652311,72563.7609670435,388.7631589343,437.9225163974,90.6706035122
廣告業及市場研究業,廣告業及市場研究業,39145.0000000000,47810.0000000000,43781.0000000000,163.9000000000,162.1000000000,2018,11,10,tsic10_2016_2020,0.0049698458,270.0863664405,291.7022574741,48285.7710262050,52729.3280821100,297.8764406305,321.7164617578,90.6706035122
建築工程服務及技術檢測,建築、工程服務及技術檢測、,65897.0000000000,60308.0000000000,50883.0000000000,165.2000000000,161.0000000000,2018,11,10,tsic10_2016_2020,0.0083662773,316.0434782609,365.0605326877,56118.5191550304,66513.2883910456,348.5622307766,402.6228110838,90.6706035122
會計服務業,會計服務業,26590.0000000000,62708.0000000000,50457.0000000000,176.9000000000,162.5000000000,2018,11,10,tsic10_2016_2020,0.0033758641,310.5046153846,354.4827586207,55648.6866144954,69160.2322813837,342.4534560892,390.9566550672,90.6706035122
法律服務業,法律服務業,12213.0000000000,60903.0000000000,48027.0000000000,161.8000000000,159.4000000000,2018,11,10,tsic10_2016_2020,0.0015505614,301.2986198243,376.4091470952,52968.6559255281,67169.5098971920,332.3002253797,415.1391217379,90.6706035122
人力仲介業,人力仲介業,20936.0000000000,39523.0000000000,35138.0000000000,165.9000000000,163.0000000000,2018,12,10,tsic10_2016_2020,0.0026580327,215.5705521472,238.2338758288,38753.4643411249,43589.6514074301,237.7513149762,262.7465425403,90.6706035122
人力供應業,人力供應業,126808.0000000000,38190.0000000000,35131.0000000000,166.5000000000,160.2000000000,2018,12,10,tsic10_2016_2020,0.0160995325,219.2946317104,229.3693693694,38745.7440881114,42119.4946550049,241.8585773290,252.9699378679,90.6706035122
保全及偵探業,保全及偵探業,87657.0000000000,34598.0000000000,30510.0000000000,217.0000000000,198.5000000000,2018,12,10,tsic10_2016_2020,0.0111289250,153.7027707809,159.4377880184,33649.2742059230,38157.9019657989,169.5177541860,175.8428662018,90.6706035122
其他教育及教育輔助業,其他教育及教育輔助業,70622.0000000000,26033.0000000000,24597.0000000000,131.4000000000,130.7000000000,2018,12,10,tsic10_2016_2020,0.0089661629,188.1943381790,198.1202435312,27127.8661961025,28711.6209571548,207.5582723497,218.5054867363,90.6706035122
建築物及綠化服務業,建築物及綠化服務業,88372.0000000000,31695.0000000000,30043.0000000000,171.5000000000,166.5000000000,2018,12,10,tsic10_2016_2020,0.0112197013,180.4384384384,184.8104956268,33134.2230405947,34956.2027517774,199.0043425862,203.8262551124,90.6706035122
旅行及相關服務業,旅行及相關服務業,31915.0000000000,45921.0000000000,39126.0000000000,165.2000000000,164.0000000000,2018,12,10,tsic10_2016_2020,0.0040519256,238.5731707317,277.9721549637,43151.8027722367,50645.9626617564,263.1207486112,306.5736238605,90.6706035122
租賃業,租賃業,19212.0000000000,39647.0000000000,34136.0000000000,167.0000000000,164.2000000000,2018,12,10,tsic10_2016_2020,0.0024391538,207.8928136419,237.4071856287,37648.3652669088,43726.4101750976,229.2835887144,261.8347914677,90.6706035122
行政支援服務業,行政支援服務業,19247.0000000000,47000.0000000000,41046.0000000000,164.1000000000,160.4000000000,2018,12,10,tsic10_2016_2020,0.0024435974,255.8977556110,286.4107251676,45269.3578845072,51835.9845191209,282.2279169857,315.8804662957,90.6706035122
創作及藝術表演業,創作及藝術表演業,10821.0000000000,43713.0000000000,39029.0000000000,149.7000000000,148.5000000000,2018,13,10,tsic10_2016_2020,0.0013738332,262.8215488215,292.0040080160,43044.8221233356,48210.7742826454,289.8641220427,322.0492604051,90.6706035122
運動娛樂及休閒服務業,運動、娛樂及休閒服務業,59429.0000000000,37837.0000000000,35559.0000000000,164.4000000000,162.1000000000,2018,13,10,tsic10_2016_2020,0.0075451006,219.3645897594,230.1520681265,39217.7824152217,41730.1733244676,241.9357335917,253.8331710734,90.6706035122
醫療保健業,醫療保健業,368226.0000000000,67014.0000000000,54457.0000000000,165.5000000000,161.9000000000,2018,13,10,tsic10_2016_2020,0.0467499405,336.3619518221,404.9184290030,60060.2597650589,73909.2907779653,370.9713388824,446.5818173895,90.6706035122
個人及家庭用品維修業,個人及家庭用品維修業,41580.0000000000,40108.0000000000,32992.0000000000,173.4000000000,169.5000000000,2018,14,10,tsic10_2016_2020,0.0052789931,194.6430678466,231.3033448674,36386.6553458476,44234.8439807001,214.6705330139,255.1029064631,90.6706035122
其他個人服務業,其他個人服務業,29369.0000000000,36186.0000000000,32758.0000000000,171.4000000000,168.6000000000,2018,14,10,tsic10_2016_2020,0.0037286857,194.2941874259,211.1201866978,36128.5783165396,39909.2965065726,214.2857551396,232.8430367945,90.6706035122
美髮及美容美體業,美髮及美容美體業,42355.0000000000,29072.0000000000,27781.0000000000,186.8000000000,186.0000000000,2018,14,10,tsic10_2016_2020,0.0053773871,149.3602150538,155.6316916488,30639.4784239510,32063.3136582954,164.7283786234,171.6451480637,90.6706035122
石油及天然氣礦業,石油及天然氣礦業,1354.0000000000,91103.0000000000,59796.0000000000,172.2000000000,161.8000000000,2019,1,10,tsic10_2016_2020,0.0001699597,369.5673671199,529.0534262485,65581.8593784439,99918.1238703990,405.3266957877,580.2446217793,91.1776527331
砂石採取及其他礦業,砂、石採取及其他礦業,2112.0000000000,35732.0000000000,32361.0000000000,166.4000000000,163.9000000000,2019,1,10,tsic10_2016_2020,0.0002651070,197.4435631483,214.7355769231,35492.2495040776,39189.4273749174,216.5481970963,235.5133856666,91.1776527331
其他化學製品製造業,其他化學製品製造業,53459.0000000000,58626.0000000000,47237.0000000000,171.4000000000,161.5000000000,2019,2,10,tsic10_2016_2020,0.0067103959,292.4891640867,342.0420070012,51807.6508706194,64298.6502093895,320.7904078676,375.1379825519,91.1776527331
其他製造業,其他製造業,85925.0000000000,43024.0000000000,35950.0000000000,172.5000000000,161.0000000000,2019,2,10,tsic10_2016_2020,0.0107856632,223.2919254658,249.4144927536,39428.5210491514,47187.0011020498,244.8976462680,273.5478324757,91.1776527331
其他運輸工具及其零件製造業,其他運輸工具及其零件製造業,76181.0000000000,49707.0000000000,39390.0000000000,176.2000000000,159.2000000000,2019,2,10,tsic10_2016_2020,0.0095625558,247.4246231156,282.1055618615,43201.3753581662,54516.6480052898,271.3654231041,309.4020885658,91.1776527331
化學原材料肥料氮化合物,化學原材料、肥料、氮化合物、,68735.0000000000,76516.0000000000,52849.0000000000,176.5000000000,162.9000000000,2019,2,10,tsic10_2016_2020,0.0086279030,324.4260282382,433.5184135977,57962.6678421865,83919.6861362134,355.8174821497,475.4656438312,91.1776527331
印刷及資料儲存媒體複製業,印刷及資料儲存媒體複製業,58108.0000000000,38888.0000000000,32640.0000000000,171.2000000000,160.1000000000,2019,2,10,tsic10_2016_2020,0.0072939577,203.8725796377,227.1495327103,35798.2455366983,42650.8018514437,223.5992850512,249.1285154874,91.1776527331
基本金屬製造業,基本金屬製造業,112877.0000000000,58327.0000000000,41577.0000000000,178.3000000000,160.7000000000,2019,2,10,tsic10_2016_2020,0.0141687903,258.7243310516,327.1284352215,45599.9894203218,63970.7189772978,283.7584904812,358.7813739613,91.1776527331
塑膠製品製造業,塑膠製品製造業,139903.0000000000,41625.0000000000,34264.0000000000,172.8000000000,160.2000000000,2019,2,10,tsic10_2016_2020,0.0175612062,213.8826466916,240.8854166667,37579.3837337448,45652.6338990522,234.5779259285,264.1934832121,91.1776527331
家具製造業,家具製造業,29758.0000000000,33114.0000000000,28668.0000000000,168.7000000000,158.3000000000,2019,2,10,tsic10_2016_2020,0.0037353479,181.0991787745,196.2892708951,31441.9149217545,36318.1097641613,198.6223305228,215.2822155552,91.1776527331
成衣及服飾品製造業,成衣及服飾品製造業,39981.0000000000,36763.0000000000,31948.0000000000,167.6000000000,161.3000000000,2019,2,10,tsic10_2016_2020,0.0050185813,198.0657160570,219.3496420048,35039.2876350011,40320.1869076482,217.2305495040,240.5739075635,91.1776527331
木竹製品製造業,木竹製品製造業,16806.0000000000,35579.0000000000,30885.0000000000,178.6000000000,164.9000000000,2019,2,10,tsic10_2016_2020,0.0021095590,187.2953305033,199.2105263158,33873.4317831166,39021.6230989641,205.4180217290,218.4861315731,91.1776527331
機械設備製造業,機械設備製造業,240775.0000000000,43494.0000000000,33703.0000000000,171.5000000000,159.5000000000,2019,2,10,tsic10_2016_2020,0.0302230790,211.3040752351,253.6093294461,36964.1013885828,47702.4782896187,231.7498519660,278.1485614555,91.1776527331
橡膠製品製造業,橡膠製品製造業,40190.0000000000,43177.0000000000,33497.0000000000,181.6000000000,160.2000000000,2019,2,10,tsic10_2016_2020,0.0050448159,209.0948813983,237.7588105727,36738.1688340313,47354.8053780031,229.3268965920,260.7643467952,91.1776527331
汽車及其零件製造業,汽車及其零件製造業,84768.0000000000,48141.0000000000,37256.0000000000,174.6000000000,158.3000000000,2019,2,10,tsic10_2016_2020,0.0106404318,235.3506001263,275.7216494845,40860.8895746088,52799.1218867093,258.1231179697,302.4004689960,91.1776527331
產業用機械設備維修及安裝業,產業用機械設備維修及安裝業,46507.0000000000,53426.0000000000,43265.0000000000,172.9000000000,164.1000000000,2019,2,10,tsic10_2016_2020,0.0058377520,263.6502132846,308.9994216310,47451.3202556756,58595.4983469253,289.1610009487,338.8981974952,91.1776527331
皮革毛皮及其製品製造業,皮革、毛皮及其製品製造業,22236.0000000000,45863.0000000000,35560.0000000000,169.9000000000,159.9000000000,2019,2,10,tsic10_2016_2020,0.0027911552,222.3889931207,269.9411418481,39000.7846594666,50300.7026669606,243.9073462130,296.0606395936,91.1776527331
石油及煤製品製造業,石油及煤製品製造業,11617.0000000000,91255.0000000000,62094.0000000000,176.5000000000,159.5000000000,2019,2,10,tsic10_2016_2020,0.0014582141,389.3040752351,517.0254957507,68102.2137976637,100084.8313863787,426.9731272581,567.0528690446,91.1776527331
紙漿紙及紙製品製造業,紙漿、紙及紙製品製造業,49491.0000000000,39484.0000000000,32809.0000000000,177.2000000000,163.8000000000,2019,2,10,tsic10_2016_2020,0.0062123161,200.2991452991,222.8216704289,35983.5979722284,43304.4707956800,219.6800853005,244.3818893661,91.1776527331
紡織業,紡織業,103262.0000000000,41529.0000000000,34824.0000000000,182.0000000000,164.1000000000,2019,2,10,tsic10_2016_2020,0.0129618756,212.2120658135,228.1813186813,38193.5693189332,45547.3449415914,232.7456996888,250.2601370417,91.1776527331
藥品及醫用化學製品製造業,藥品及醫用化學製品製造業,32757.0000000000,51519.0000000000,39599.0000000000,173.1000000000,161.7000000000,2019,2,10,tsic10_2016_2020,0.0041117948,244.8917748918,297.6256499133,43430.5981926383,56503.9770773639,268.5874965531,326.4238999270,91.1776527331
金屬製品製造業,金屬製品製造業,343743.0000000000,38349.0000000000,32154.0000000000,170.0000000000,159.2000000000,2019,2,10,tsic10_2016_2020,0.0431480505,201.9723618090,225.5823529412,35265.2201895526,42059.6482256998,221.5152021957,247.4096954453,91.1776527331
電力設備及配備製造業,電力設備及配備製造業,124412.0000000000,45710.0000000000,35111.0000000000,173.5000000000,160.6000000000,2019,2,10,tsic10_2016_2020,0.0156167115,218.6239103362,263.4582132565,38508.3394313423,50132.8983910073,239.7779541179,288.9504230029,91.1776527331
電子零組件製造業,電子零組件製造業,627738.0000000000,71846.0000000000,45370.0000000000,180.9000000000,161.5000000000,2019,2,10,tsic10_2016_2020,0.0787962836,280.9287925697,397.1586511885,49760.0000000000,78797.8170597311,308.1114551084,435.5877117730,91.1776527331
電腦電子產品及光學製品製造業,電腦、電子產品及光學製品製造業,225419.0000000000,76888.0000000000,47570.0000000000,170.5000000000,161.2000000000,2019,2,10,tsic10_2016_2020,0.0282955301,295.0992555831,450.9560117302,52172.8719418118,84327.6808463743,323.6530517482,494.5905034978,91.1776527331
非金屬礦物製品製造業,非金屬礦物製品製造業,72109.0000000000,43586.0000000000,34874.0000000000,175.4000000000,162.1000000000,2019,2,10,tsic10_2016_2020,0.0090514215,215.1388032079,248.4948688712,38248.4073176108,47803.3802071854,235.9556281160,272.5392258106,91.1776527331
食品及飼品製造業,食品及飼品製造業,132047.0000000000,43332.0000000000,35320.0000000000,176.0000000000,160.0000000000,2019,2,10,tsic10_2016_2020,0.0165750884,220.7500000000,246.2045454545,38737.5622658144,47524.8031739035,242.1097641613,270.0272907608,91.1776527331
飲料及菸草製造業,飲料及菸草製造業,15911.0000000000,60798.0000000000,43979.0000000000,178.0000000000,162.8000000000,2019,2,10,tsic10_2016_2020,0.0019972149,270.1412776413,341.5617977528,48234.4068767908,66680.8128719418,296.2801405208,374.6113082693,91.1776527331
氣體燃料供應業,氣體燃料供應業,5662.0000000000,71619.0000000000,48952.0000000000,167.9000000000,163.0000000000,2019,3,10,tsic10_2016_2020,0.0007107178,300.3190184049,426.5574746873,53688.5942252590,78548.8525457351,329.3778786826,467.8311646560,91.1776527331
電力供應業,電力供應業,26622.0000000000,101351.0000000000,68545.0000000000,178.8000000000,165.9000000000,2019,3,10,tsic10_2016_2020,0.0033417041,413.1705846896,566.8400447427,75177.4123870399,111157.7200793476,453.1489595361,621.6874724796,91.1776527331
廢棄物清除業,廢棄物清除業,10155.0000000000,32059.0000000000,28414.0000000000,167.8000000000,163.5000000000,2019,4,10,tsic10_2016_2020,0.0012746978,173.7859327217,191.0548271752,31163.3378884726,35161.0279920652,190.6014549754,209.5412871994,91.1776527331
廢棄物處理業,廢棄物處理業,5964.0000000000,45572.0000000000,31964.0000000000,169.4000000000,162.0000000000,2019,4,10,tsic10_2016_2020,0.0007486261,197.3086419753,269.0200708383,35056.8357945779,49981.5455146573,216.4002209542,295.0504457772,91.1776527331
廢水及污水處理業,廢水及污水處理業,2289.0000000000,36800.0000000000,32830.0000000000,169.9000000000,167.1000000000,2019,4,10,tsic10_2016_2020,0.0002873248,196.4691801317,216.5979988228,36006.6299316729,40360.7670266696,215.4795328047,237.5560154601,91.1776527331
用水供應業,用水供應業,6431.0000000000,82766.0000000000,58425.0000000000,165.6000000000,164.0000000000,2019,4,10,tsic10_2016_2020,0.0008072459,356.2500000000,499.7946859903,64078.2014547058,90774.4359709059,390.7207405775,548.1548065876,91.1776527331
資源回收處理及污染整治業,資源回收處理及污染整治業,8728.0000000000,37183.0000000000,32819.0000000000,167.9000000000,160.7000000000,2019,4,10,tsic10_2016_2020,0.0010955748,204.2252644680,221.4592019059,35994.5655719639,40780.8260965396,223.9860956563,242.8875884249,91.1776527331
其他專門營造業,其他專門營造業,167142.0000000000,41635.0000000000,38879.0000000000,162.2000000000,160.2000000000,2019,5,10,tsic10_2016_2020,0.0209803587,242.6903870162,256.6892725031,42640.9310116817,45663.6014987877,266.1731024450,281.5265197213,91.1776527331
土木工程業,土木工程業,81865.0000000000,41708.0000000000,36036.0000000000,168.3000000000,164.3000000000,2019,5,10,tsic10_2016_2020,0.0102760352,219.3304930006,247.8193701723,39522.8424068768,45743.6649768570,240.5529057022,271.7983658756,91.1776527331
建築工程業,建築工程業,77736.0000000000,52198.0000000000,43562.0000000000,170.4000000000,165.2000000000,2019,5,10,tsic10_2016_2020,0.0097577459,263.6924939467,306.3262910798,47777.0579678202,57248.6770994049,289.2073726866,335.9664149026,91.1776527331
機電管道及其他建築設備安裝業,機電、管道及其他建築設備安裝業,143180.0000000000,46354.0000000000,38781.0000000000,168.6000000000,163.3000000000,2019,5,10,tsic10_2016_2020,0.0179725489,237.4831598285,274.9347568209,42533.4485342738,50839.2118139740,260.4620240923,301.5374366191,91.1776527331
批發業,批發業,1067680.0000000000,55681.0000000000,43813.0000000000,165.6000000000,161.9000000000,2019,6,10,tsic10_2016_2020,0.1340196325,270.6176652254,336.2379227053,48052.3447211814,61068.6920872824,296.8026233550,368.7722952131,91.1776527331
零售業,零售業,637316.0000000000,44035.0000000000,37105.0000000000,161.5000000000,157.1000000000,2019,6,10,tsic10_2016_2020,0.0799985540,236.1871419478,272.6625386997,40695.2788186026,48295.8254353097,259.0406035557,299.0453587326,91.1776527331
倉儲業,倉儲業,14724.0000000000,51420.0000000000,41316.0000000000,170.0000000000,160.3000000000,2019,7,10,tsic10_2016_2020,0.0018482177,257.7417342483,302.4705882353,45313.7350672250,56395.3978399824,282.6808176371,331.7376343528,91.1776527331
公共汽車客運業,公共汽車客運業,23472.0000000000,53139.0000000000,43366.0000000000,199.4000000000,166.7000000000,2019,7,10,tsic10_2016_2020,0.0029463030,260.1439712058,266.4944834504,47562.0930130042,58280.7282345162,285.3154949790,292.2804826204,91.1776527331
其他汽車客運業,其他汽車客運業,11749.0000000000,29954.0000000000,28449.0000000000,169.9000000000,167.5000000000,2019,7,10,tsic10_2016_2020,0.0014747833,169.8447761194,176.3037080636,31201.7244875468,32852.3482477408,186.2789521645,193.3628501927,91.1776527331
其他運輸輔助業,其他運輸輔助業,71423.0000000000,46924.0000000000,39556.0000000000,169.9000000000,162.1000000000,2019,7,10,tsic10_2016_2020,0.0089653119,244.0222085133,276.1859917599,43383.4375137756,51464.3649988980,267.6337909548,302.9097410176,91.1776527331
快遞業,快遞業,19330.0000000000,57746.0000000000,49500.0000000000,177.0000000000,165.1000000000,2019,7,10,tsic10_2016_2020,0.0024263820,299.8182919443,326.2485875706,54289.6186907648,63333.5014326648,328.8287019429,357.8163922749,91.1776527331
汽車貨運業,汽車貨運業,72339.0000000000,37562.0000000000,32350.0000000000,173.6000000000,165.5000000000,2019,7,10,tsic10_2016_2020,0.0090802920,195.4682779456,216.3709677419,35480.1851443685,41196.4981265153,214.3817833497,237.3070168578,91.1776527331
海洋水運業,海洋水運業,7573.0000000000,90483.0000000000,80687.0000000000,167.5000000000,162.7000000000,2019,7,10,tsic10_2016_2020,0.0009505944,495.9250153657,540.1970149254,88494.2719858938,99238.1326867975,543.9107067357,592.4664638018,91.1776527331
港埠業,港埠業,2559.0000000000,89503.0000000000,63584.0000000000,166.1000000000,160.0000000000,2019,7,10,tsic10_2016_2020,0.0003212163,397.4000000000,538.8500903070,69736.3861582544,98163.3079127177,435.8524134891,590.9892107930,91.1776527331
航空運輸業,航空運輸業,24536.0000000000,97526.0000000000,77679.0000000000,166.0000000000,163.7000000000,2019,7,10,tsic10_2016_2020,0.0030798607,474.5204642639,587.5060240964,85195.2179854530,106962.6131805158,520.4350518354,644.3530914489,91.1776527331
郵政業,郵政業,26374.0000000000,77453.0000000000,52522.0000000000,164.8000000000,162.8000000000,2019,7,10,tsic10_2016_2020,0.0033105741,322.6167076167,469.9817961165,57604.0273308354,84947.3502314305,353.8330917127,515.4572222781,91.1776527331
鐵路大眾捷運系統運輸業,鐵路大眾捷運系統運輸業,29034.0000000000,67447.0000000000,48462.0000000000,176.6000000000,166.1000000000,2019,7,10,tsic10_2016_2020,0.0036444684,291.7639975918,381.9195922990,53151.1818382191,73973.1699360811,319.9950742819,418.8741219484,91.1776527331
住宿業,住宿業,90368.0000000000,37156.0000000000,33749.0000000000,154.4000000000,153.1000000000,2019,8,10,tsic10_2016_2020,0.0113433671,220.4376224690,240.6476683938,37014.5523473661,40751.2135772537,241.7671609887,263.9327304226,91.1776527331
其他餐飲業,其他餐飲業,76479.0000000000,41467.0000000000,37751.0000000000,158.7000000000,155.2000000000,2019,8,10,tsic10_2016_2020,0.0095999620,243.2409793814,261.2917454316,41403.7857615164,45479.3458232312,266.7769701129,286.5743278086,91.1776527331
餐館,餐館,336246.0000000000,32480.0000000000,29454.0000000000,159.8000000000,156.6000000000,2019,8,10,tsic10_2016_2020,0.0422069959,188.0842911877,203.2540675845,32303.9682609654,35622.7639409301,206.2833222284,222.9209257880,91.1776527331
出版業,出版業,36725.0000000000,59823.0000000000,53270.0000000000,159.4000000000,158.0000000000,2019,9,10,tsic10_2016_2020,0.0046098747,337.1518987342,375.3011292346,58424.4037910514,65611.4718977298,369.7747075383,411.6152565730,91.1776527331
廣播電視節目編排及傳播業,廣播、電視節目編排及傳播業,16150.0000000000,49800.0000000000,42476.0000000000,162.1000000000,160.2000000000,2019,9,10,tsic10_2016_2020,0.0020272151,265.1435705368,307.2177668106,46585.9766365440,54618.6466828301,290.7988554091,336.9441498015,91.1776527331
影片及電視節目業;聲音錄製及音樂發行業,影片及電視節目業；聲音錄製及音樂發行業,19739.0000000000,41962.0000000000,38673.0000000000,154.4000000000,153.8000000000,2019,9,10,tsic10_2016_2020,0.0024777213,251.4499349805,271.7746113990,42414.9984571303,46022.2420101389,275.7802240386,298.0715156097,91.1776527331
資訊服務業,資訊服務業,26193.0000000000,76968.0000000000,68913.0000000000,161.4000000000,160.5000000000,2019,9,10,tsic10_2016_2020,0.0032878543,429.3644859813,476.8773234201,75581.0200573066,84415.4216442583,470.9097822885,523.0199606212,91.1776527331
電信業,電信業,51831.0000000000,94545.0000000000,64492.0000000000,162.5000000000,159.1000000000,2019,9,10,tsic10_2016_2020,0.0065060426,405.3551225644,581.8153846154,70732.2442142385,103693.1716993608,444.5772735024,638.1118258422,91.1776527331
電腦程式設計諮詢及相關服務業,電腦程式設計、諮詢及相關服務業,82485.0000000000,73619.0000000000,62794.0000000000,163.3000000000,161.7000000000,2019,9,10,tsic10_2016_2020,0.0103538601,388.3364254793,450.8205756277,68869.9457791492,80742.3724928367,425.9118477375,494.4419626016,91.1776527331
不動產經營及相關服務業,不動產經營及相關服務業,73790.0000000000,45808.0000000000,37633.0000000000,170.2000000000,166.4000000000,2019,10,10,tsic10_2016_2020,0.0092624276,226.1598557692,269.1421856639,41274.3680846374,50240.3808684153,248.0430774317,295.1843764302,91.1776527331
不動產開發業,不動產開發業,45531.0000000000,57923.0000000000,48305.0000000000,163.8000000000,162.4000000000,2019,10,10,tsic10_2016_2020,0.0057152404,297.4445812808,353.6202686203,52978.9905223716,63527.6279479833,326.2253110983,387.8365564590,91.1776527331
人身保險業,人身保險業,114644.0000000000,79632.0000000000,63892.0000000000,165.1000000000,163.6000000000,2019,10,10,tsic10_2016_2020,0.0143905915,390.5378973105,482.3258631133,70074.1882301080,87337.1902137977,428.3263339249,528.9957008710,91.1776527331
信用合作社,信用合作社,3942.0000000000,77629.0000000000,47328.0000000000,163.9000000000,162.7000000000,2019,10,10,tsic10_2016_2020,0.0004948162,290.8912108175,473.6363636364,51907.4560282125,85140.3799867754,319.0378366823,519.4654056545,91.1776527331
其他保險輔助業,其他保險輔助業,965.0000000000,113123.0000000000,84040.0000000000,167.7000000000,165.0000000000,2019,10,10,tsic10_2016_2020,0.0001211308,509.3333333333,674.5557543232,92171.7081772096,124068.7784879877,558.6164131952,739.8257512701,91.1776527331
其他金融服務業,其他金融服務業,40189.0000000000,117703.0000000000,59788.0000000000,157.7000000000,156.8000000000,2019,10,10,tsic10_2016_2020,0.0050446904,381.3010204082,746.3728598605,65573.0852986555,129091.9391668504,418.1956970578,818.5918780396,91.1776527331
證券期貨及金融輔助業,證券期貨及金融輔助業,50063.0000000000,85118.0000000000,62059.0000000000,163.2000000000,162.5000000000,2019,10,10,tsic10_2016_2020,0.0062841159,381.9015384615,521.5563725490,68063.8271985894,93354.0154286974,418.8543212221,572.0221533621,91.1776527331
財產保險業,財產保險業,17150.0000000000,63874.0000000000,47301.0000000000,162.9000000000,161.0000000000,2019,10,10,tsic10_2016_2020,0.0021527393,293.7950310559,392.1055862492,51877.8435089266,70054.4465505841,322.2226304902,430.0457124038,91.1776527331
農會及漁會信用部,農會及漁會信用部,10711.0000000000,63773.0000000000,50232.0000000000,164.9000000000,164.4000000000,2019,10,10,tsic10_2016_2020,0.0013444893,305.5474452555,386.7374166161,55092.4469914040,69943.6737932555,335.1122079769,424.1581188190,91.1776527331
銀行業,銀行業,152144.0000000000,104904.0000000000,66761.0000000000,169.7000000000,163.1000000000,2019,10,10,tsic10_2016_2020,0.0190977474,409.3255671367,618.1732469063,73220.7925942253,115054.5082653736,448.9318981865,677.9876739268,91.1776527331
企業總管理機構及管理顧問業,企業總管理機構及管理顧問業,80442.0000000000,61433.0000000000,50813.0000000000,161.9000000000,158.5000000000,2019,11,10,tsic10_2016_2020,0.0100974143,320.5867507886,379.4502779494,55729.6645360370,67377.2554551466,351.6067163157,416.1658768076,91.1776527331
其他專業科學及技術服務業,其他專業、科學及技術服務業,19641.0000000000,54691.0000000000,46843.0000000000,162.1000000000,159.8000000000,2019,11,10,tsic10_2016_2020,0.0024654200,293.1351689612,337.3904996915,51375.5274410403,59982.8997134671,321.4989201567,370.0363955180,91.1776527331
專門設計業,專門設計業,28556.0000000000,68086.0000000000,59214.0000000000,169.3000000000,166.8000000000,2019,11,10,tsic10_2016_2020,0.0035844678,355.0000000000,402.1618428825,64943.5450738373,74673.9995591801,389.3497906105,441.0750121629,91.1776527331
廣告業及市場研究業,廣告業及市場研究業,39942.0000000000,51279.0000000000,44399.0000000000,162.4000000000,160.8000000000,2019,11,10,tsic10_2016_2020,0.0050136859,276.1131840796,315.7573891626,48695.0460656822,56240.7546837117,302.8298884682,346.3100657864,91.1776527331
建築工程服務及技術檢測,建築、工程服務及技術檢測、,68284.0000000000,62754.0000000000,52068.0000000000,166.5000000000,161.8000000000,2019,11,10,tsic10_2016_2020,0.0085712916,321.8046971570,376.9009009009,57106.0983028433,68826.0753802072,352.9425111424,413.3698221033,91.1776527331
會計服務業,會計服務業,27808.0000000000,65097.0000000000,51239.0000000000,176.5000000000,162.8000000000,2019,11,10,tsic10_2016_2020,0.0034905758,314.7358722359,368.8215297450,56196.8842847697,71395.7839982367,345.1897069089,404.5086912081,91.1776527331
法律服務業,法律服務業,12407.0000000000,71610.0000000000,48445.0000000000,163.4000000000,160.9000000000,2019,11,10,tsic10_2016_2020,0.0015573782,301.0876320696,438.2496940024,53132.5369186687,78538.9817059731,330.2208633851,480.6547228028,91.1776527331
人力仲介業,人力仲介業,21214.0000000000,38635.0000000000,36128.0000000000,162.5000000000,161.0000000000,2019,12,10,tsic10_2016_2020,0.0026628695,224.3975155280,237.7538461538,39623.7443244435,42373.3215781353,246.1102131953,260.7589020193,91.1776527331
人力供應業,人力供應業,130752.0000000000,38938.0000000000,35802.0000000000,166.8000000000,160.4000000000,2019,12,10,tsic10_2016_2020,0.0164125346,223.2044887781,233.4412470024,39266.2005730659,42705.6398501212,244.8017492086,256.0290158880,91.1776527331
保全及偵探業,保全及偵探業,89641.0000000000,35144.0000000000,31063.0000000000,219.9000000000,201.6000000000,2019,12,10,tsic10_2016_2020,0.0112521110,154.0823412698,159.8180991360,34068.6550584086,38544.5325104695,168.9913445358,175.2820941813,91.1776527331
建築物及綠化服務業,建築物及綠化服務業,91103.0000000000,32431.0000000000,30501.0000000000,169.2000000000,164.3000000000,2019,12,10,tsic10_2016_2020,0.0114356273,185.6421180767,191.6725768322,33452.2759532731,35569.0227022261,203.6048445117,210.2188102968,91.1776527331
教育輔助及其他教育業,教育輔助及其他教育業,71934.0000000000,26972.0000000000,25077.0000000000,129.9000000000,129.1000000000,2019,12,10,tsic10_2016_2020,0.0090294547,194.2447714950,207.6366435720,27503.4498567335,29581.8100066123,213.0398904472,227.7275597122,91.1776527331
旅行及相關服務業,旅行及相關服務業,32015.0000000000,45774.0000000000,39713.0000000000,164.7000000000,163.7000000000,2019,12,10,tsic10_2016_2020,0.0040186559,242.5962125840,277.9234972678,43555.6288296231,50203.0910293145,266.0698156971,304.8153675125,91.1776527331
租賃業,租賃業,19951.0000000000,40370.0000000000,34968.0000000000,164.8000000000,161.9000000000,2019,12,10,tsic10_2016_2020,0.0025043325,215.9851760346,244.9635922330,38351.5027551245,44276.2001322460,236.8838959551,268.6662629384,91.1776527331
行政支援服務業,行政支援服務業,19326.0000000000,47097.0000000000,41204.0000000000,163.7000000000,157.8000000000,2019,12,10,tsic10_2016_2020,0.0024258799,261.1153358682,287.7031154551,45190.8979501874,51654.1044743222,286.3808488605,315.5412612970,91.1776527331
創作及藝術表演業,創作及藝術表演業,10683.0000000000,44005.0000000000,39217.0000000000,147.7000000000,146.5000000000,2019,13,10,tsic10_2016_2020,0.0013409746,267.6928327645,297.9350033852,43011.6358827419,48262.9226361032,293.5947841825,326.7631864327,91.1776527331
運動娛樂及休閒服務業,運動、娛樂及休閒服務業,59946.0000000000,38720.0000000000,36476.0000000000,165.0000000000,162.8000000000,2019,13,10,tsic10_2016_2020,0.0075246711,224.0540540541,234.6666666667,40005.4167952392,42466.5461758872,245.7335183983,257.3730071266,91.1776527331
醫療保健業,醫療保健業,381442.0000000000,68517.0000000000,56030.0000000000,165.7000000000,161.5000000000,2019,13,10,tsic10_2016_2020,0.0478801857,346.9349845201,413.5003017502,61451.4613180516,75146.7031077805,380.5044044461,453.5105800107,91.1776527331
個人及家庭用品維修業,個人及家庭用品維修業,41415.0000000000,40710.0000000000,33578.0000000000,172.6000000000,168.4000000000,2019,14,10,tsic10_2016_2020,0.0051985830,199.3942992874,235.8632676709,36827.0063918889,44649.0985232533,218.6876864126,258.6853912124,91.1776527331
其他個人服務業,其他個人服務業,30147.0000000000,36989.0000000000,33651.0000000000,172.1000000000,170.5000000000,2019,14,10,tsic10_2016_2020,0.0037841768,197.3665689150,214.9273678094,36907.0698699581,40568.0546616707,216.4637529030,235.7237342340,91.1776527331
美髮及美容美體業,美髮及美容美體業,42536.0000000000,29623.0000000000,28411.0000000000,183.6000000000,182.3000000000,2019,14,10,tsic10_2016_2020,0.0053392956,155.8475041141,161.3453159041,31160.0476085519,32489.3206964955,170.9273044901,176.9570844036,91.1776527331
石油及天然氣礦業,石油及天然氣礦業,1332.0000000000,88610.0000000000,58665.0000000000,174.2000000000,164.0000000000,2020,1,10,tsic10_2016_2020,0.0001674399,357.7134146341,508.6681974742,64495.0590154740,97415.9580561008,393.2625549724,559.2190473944,90.9604563443
砂石採取及其他礦業,砂、石採取及其他礦業,2092.0000000000,36955.0000000000,32536.0000000000,167.4000000000,164.8000000000,2020,1,10,tsic10_2016_2020,0.0002629762,197.4271844660,220.7586618877,35769.3895871041,40627.5446333733,217.0472669120,242.6973992436,90.9604563443
其他化學製品製造業,其他化學製品製造業,52824.0000000000,60950.0000000000,48081.0000000000,170.0000000000,161.3000000000,2020,2,10,tsic10_2016_2020,0.0066402744,298.0843149411,358.5294117647,52859.2334871390,67007.1396402138,327.7075851652,394.1596449424,90.9604563443
其他製造業,其他製造業,87045.0000000000,43154.0000000000,36253.0000000000,170.4000000000,160.9000000000,2020,2,10,tsic10_2016_2020,0.0109420468,225.3138595401,253.2511737089,39855.7806952694,47442.5939956323,247.7052871055,278.4189788476,90.9604563443
其他運輸工具及其零件製造業,其他運輸工具及其零件製造業,75814.0000000000,49570.0000000000,39962.0000000000,173.0000000000,160.1000000000,2020,2,10,tsic10_2016_2020,0.0095302468,249.6064959400,286.5317919075,43933.3767728010,54496.2085638293,274.4120972692,315.0069859181,90.9604563443
化學原材料肥料氮化合物,化學原材料、肥料、氮化合物、,67633.0000000000,76485.0000000000,53678.0000000000,176.7000000000,163.6000000000,2020,2,10,tsic10_2016_2020,0.0085018491,328.1051344743,432.8522920204,59012.4567942149,84085.9897519566,360.7118385954,475.8686460213,90.9604563443
印刷及資料儲存媒體複製業,印刷及資料儲存媒體複製業,56525.0000000000,39189.0000000000,32679.0000000000,169.0000000000,159.7000000000,2020,2,10,tsic10_2016_2020,0.0071055109,204.6274264245,231.8875739645,35926.6007596808,43083.5569378234,224.9630604864,254.9322895729,90.9604563443
基本金屬製造業,基本金屬製造業,111822.0000000000,55361.0000000000,41868.0000000000,179.6000000000,161.8000000000,2020,2,10,tsic10_2016_2020,0.0140566553,258.7639060569,308.2461024499,46028.7928212711,60862.7113637716,284.4795600820,338.8792392192,90.9604563443
塑膠製品製造業,塑膠製品製造業,138636.0000000000,42623.0000000000,34825.0000000000,173.9000000000,160.5000000000,2020,2,10,tsic10_2016_2020,0.0174273261,216.9781931464,245.1006325474,38285.8677271607,46858.8238373229,238.5412319449,269.4584464481,90.9604563443
家具製造業,家具製造業,29854.0000000000,33489.0000000000,29164.0000000000,167.8000000000,158.2000000000,2020,2,10,tsic10_2016_2020,0.0037528160,184.3489254109,199.5768772348,32062.2841750155,36817.0976113391,202.6693057839,219.4105936313,90.9604563443
成衣及服飾品製造業,成衣及服飾品製造業,37499.0000000000,38021.0000000000,31804.0000000000,166.7000000000,161.7000000000,2020,2,10,tsic10_2016_2020,0.0047138355,196.6852195424,228.0803839232,34964.6442841240,41799.4824653088,216.2315663830,250.7467454428,90.9604563443
木竹製品製造業,木竹製品製造業,16465.0000000000,36248.0000000000,31760.0000000000,178.8000000000,165.4000000000,2020,2,10,tsic10_2016_2020,0.0020697432,192.0193470375,202.7293064877,34916.2716156389,39850.2838011234,211.1020049313,222.8763076125,90.9604563443
機械設備製造業,機械設備製造業,234649.0000000000,42264.0000000000,33222.0000000000,169.0000000000,159.3000000000,2020,2,10,tsic10_2016_2020,0.0294967010,208.5499058380,250.0828402367,36523.5634639407,46464.1468376373,229.2753513116,274.9357801044,90.9604563443
橡膠製品製造業,橡膠製品製造業,40235.0000000000,42784.0000000000,33740.0000000000,178.5000000000,160.5000000000,2020,2,10,tsic10_2016_2020,0.0050577661,210.2180685358,239.6862745098,37093.0416974703,47035.8238288254,231.1092940652,263.5060158478,90.9604563443
汽車及其零件製造業,汽車及其零件製造業,83114.0000000000,46784.0000000000,37303.0000000000,170.8000000000,158.3000000000,2020,2,10,tsic10_2016_2020,0.0104478980,235.6475047378,273.9110070258,41010.1284659376,51433.3391456565,259.0658778644,301.1319622111,90.9604563443
產業用機械設備維修及安裝業,產業用機械設備維修及安裝業,44859.0000000000,57752.0000000000,44174.0000000000,172.0000000000,163.7000000000,2020,2,10,tsic10_2016_2020,0.0056390290,269.8472816127,335.7674418605,48563.9604014242,63491.3261444073,296.6643885243,369.1356171186,90.9604563443
皮革毛皮及其製品製造業,皮革、毛皮及其製品製造業,21171.0000000000,47165.0000000000,35001.0000000000,157.7000000000,152.0000000000,2020,2,10,tsic10_2016_2020,0.0026613140,230.2697368421,299.0805326569,38479.3584011013,51852.2024795846,253.1536736915,328.8028058312,90.9604563443
石油及煤製品製造業,石油及煤製品製造業,11515.0000000000,89127.0000000000,62732.0000000000,176.1000000000,162.6000000000,2020,2,10,tsic10_2016_2020,0.0014475004,385.8056580566,506.1158432709,68966.2327138621,97984.3369108012,424.1465726560,556.4130432186,90.9604563443
紙漿紙及紙製品製造業,紙漿、紙及紙製品製造業,50174.0000000000,40589.0000000000,32821.0000000000,177.3000000000,163.4000000000,2020,2,10,tsic10_2016_2020,0.0063071544,200.8629130967,228.9283699944,36082.7125534283,44622.6872987143,220.8244342315,251.6790033768,90.9604563443
紡織業,紡織業,97444.0000000000,39841.0000000000,34823.0000000000,169.7000000000,159.2000000000,2020,2,10,tsic10_2016_2020,0.0122492597,218.7374371859,234.7731290513,38283.6689695023,43800.3519344669,240.4753075974,258.1046077458,90.9604563443
藥品及醫用化學製品製造業,藥品及醫用化學製品製造業,33494.0000000000,51885.0000000000,40468.0000000000,175.4000000000,162.3000000000,2020,2,10,tsic10_2016_2020,0.0042103845,249.3407270487,295.8095781072,44489.6624603802,57041.2705534453,274.1199165766,325.2067876479,90.9604563443
金屬製品製造業,金屬製品製造業,346421.0000000000,38409.0000000000,32320.0000000000,169.4000000000,159.4000000000,2020,2,10,tsic10_2016_2020,0.0435470710,202.7603513174,226.7355371901,35531.9237599952,42226.0414510414,222.9104376411,249.2682494158,90.9604563443
電力設備及配備製造業,電力設備及配備製造業,124630.0000000000,46669.0000000000,35965.0000000000,175.4000000000,161.6000000000,2020,2,10,tsic10_2016_2020,0.0156666930,222.5556930693,266.0718358039,39539.1595924576,51306.9105802976,244.6730172801,292.5137433312,90.9604563443
電子零組件製造業,電子零組件製造業,629750.0000000000,74099.0000000000,46692.0000000000,182.7000000000,162.4000000000,2020,2,10,tsic10_2016_2020,0.0791631223,287.5123152709,405.5774493706,51332.1962933694,81462.8718654668,316.0849525454,445.8832614421,90.9604563443
電腦電子產品及光學製品製造業,電腦、電子產品及光學製品製造業,228691.0000000000,73310.0000000000,47666.0000000000,171.5000000000,161.2000000000,2020,2,10,tsic10_2016_2020,0.0287477469,295.6947890819,427.4635568513,52402.9912730177,80595.4619692219,325.0805910237,469.9443846602,90.9604563443
非金屬礦物製品製造業,非金屬礦物製品製造業,71218.0000000000,43396.0000000000,34968.0000000000,176.5000000000,163.2000000000,2020,2,10,tsic10_2016_2020,0.0089525038,214.2647058824,245.8696883853,38443.0788997374,47708.6436723005,235.5580814935,270.3039301547,90.9604563443
食品及飼品製造業,食品及飼品製造業,133783.0000000000,43441.0000000000,36012.0000000000,173.6000000000,159.7000000000,2020,2,10,tsic10_2016_2020,0.0168172767,225.4978083907,250.2361751152,39590.8303974303,47758.1157196149,247.9075165775,275.1043532236,90.9604563443
飲料及菸草製造業,飲料及菸草製造業,15883.0000000000,58925.0000000000,44071.0000000000,177.5000000000,164.0000000000,2020,2,10,tsic10_2016_2020,0.0019965826,268.7256097561,331.9718309859,48450.7243820158,64780.8975110681,295.4312462318,364.9628028793,90.9604563443
氣體燃料供應業,氣體燃料供應業,5802.0000000000,69199.0000000000,49017.0000000000,169.4000000000,164.3000000000,2020,3,10,tsic10_2016_2020,0.0007293441,298.3384053561,408.4946871311,53888.2520712774,76075.9156023487,327.9869267881,449.0904108757,90.9604563443
電力供應業,電力供應業,27150.0000000000,99737.0000000000,68048.0000000000,179.1000000000,167.0000000000,2020,3,10,tsic10_2016_2020,0.0034129079,407.4730538922,556.8788386376,74810.5305699306,109648.7462886957,447.9672489217,612.2208056320,90.9604563443
廢棄物清除業,廢棄物清除業,10731.0000000000,32671.0000000000,29218.0000000000,172.1000000000,166.5000000000,2020,4,10,tsic10_2016_2020,0.0013489471,175.4834834835,189.8373038931,32121.6506317927,35917.8057290472,192.9228266174,208.7031128939,90.9604563443
廢棄物處理業,廢棄物處理業,5673.0000000000,44363.0000000000,33102.0000000000,172.0000000000,162.6000000000,2020,4,10,tsic10_2016_2020,0.0007131281,203.5793357934,257.9244186047,36391.6380044357,48771.7430001445,223.8108118354,283.5566453497,90.9604563443
廢水及污水處理業,廢水及污水處理業,2350.0000000000,37243.0000000000,32525.0000000000,168.3000000000,164.6000000000,2020,4,10,tsic10_2016_2020,0.0002954082,197.6002430134,221.2893642305,35757.2964199828,40944.1657361851,217.2375238152,243.2808421639,90.9604563443
用水供應業,用水供應業,6375.0000000000,80695.0000000000,58002.0000000000,167.1000000000,165.5000000000,2020,4,10,tsic10_2016_2020,0.0008013734,350.4652567976,482.9144225015,63766.1708517093,88714.3746229213,385.2940836961,530.9058924172,90.9604563443
資源回收處理及污染整治業,資源回收處理及污染整治業,8629.0000000000,38326.0000000000,33649.0000000000,167.4000000000,161.1000000000,2020,4,10,tsic10_2016_2020,0.0010847139,208.8702669150,228.9486260454,36992.9982240124,42134.7930082171,229.6275494973,251.7012724505,90.9604563443
其他專門營造業,其他專門營造業,168265.0000000000,42878.0000000000,39956.0000000000,163.9000000000,161.6000000000,2020,5,10,tsic10_2016_2020,0.0211518583,247.2524752475,261.6107382550,43926.7804998258,47139.1654387709,271.8241367563,287.6093071310,90.9604563443
土木工程業,土木工程業,82917.0000000000,42492.0000000000,36695.0000000000,170.3000000000,166.5000000000,2020,5,10,tsic10_2016_2020,0.0104231340,220.3903903904,249.5126247798,40341.7061377793,46714.8052106967,242.2925293560,274.3088973030,90.9604563443
建築工程業,建築工程業,79920.0000000000,53407.0000000000,44539.0000000000,172.4000000000,166.7000000000,2020,5,10,tsic10_2016_2020,0.0100463942,267.1805638872,309.7853828306,48965.2336740850,58714.5251314996,293.7326555134,340.5714914820,90.9604563443
機電管道及其他建築設備安裝業,機電、管道及其他建築設備安裝業,145136.0000000000,46304.0000000000,39384.0000000000,169.3000000000,164.5000000000,2020,5,10,tsic10_2016_2020,0.0182444127,239.4164133739,273.5026580035,43297.9358095190,50905.6373076368,263.2093362281,300.6830319412,90.9604563443
批發業,批發業,1068579.0000000000,56502.0000000000,43927.0000000000,164.4000000000,161.3000000000,2020,6,10,tsic10_2016_2020,0.1343263995,272.3310601364,343.6861313869,48292.4138306099,62117.1026078976,299.3950020497,377.8412567390,90.9604563443
零售業,零售業,637566.0000000000,45206.0000000000,37910.0000000000,161.0000000000,157.2000000000,2020,6,10,tsic10_2016_2020,0.0801456375,241.1577608142,280.7826086957,41677.4514152667,49698.5193531666,265.1237367383,308.6864556097,90.9604563443
倉儲業,倉儲業,14342.0000000000,56310.0000000000,42868.0000000000,171.2000000000,162.3000000000,2020,7,10,tsic10_2016_2020,0.0018028702,264.1281577326,328.9135514019,47128.1716504788,61906.0218726897,290.3769048089,361.6005950508,90.9604563443
公共汽車客運業,公共汽車客運業,23307.0000000000,51374.0000000000,42162.0000000000,196.3000000000,165.4000000000,2020,7,10,tsic10_2016_2020,0.0029298212,254.9093107618,261.7116658176,46352.0101970582,56479.4879717202,280.2418996195,287.7202647566,90.9604563443
其他汽車客運業,其他汽車客運業,10760.0000000000,29161.0000000000,27436.0000000000,164.5000000000,163.2000000000,2020,7,10,tsic10_2016_2020,0.0013525926,168.1127450980,177.2705167173,30162.5575581445,32058.9860385279,184.8195928808,194.8874531218,90.9604563443
其他運輸輔助業,其他運輸輔助業,69389.0000000000,46934.0000000000,40198.0000000000,166.2000000000,161.4000000000,2020,7,10,tsic10_2016_2020,0.0087225882,249.0582403965,282.3947051745,44192.8301764941,51598.2459700376,273.8093567317,310.4587603492,90.9604563443
快遞業,快遞業,19204.0000000000,61280.0000000000,51293.0000000000,184.4000000000,170.3000000000,2020,7,10,tsic10_2016_2020,0.0024140510,301.1920140928,332.3210412148,56390.4382865543,67369.9346538524,331.1241238200,365.3467172118,90.9604563443
汽車貨運業,汽車貨運業,72413.0000000000,37537.0000000000,32850.0000000000,170.6000000000,164.3000000000,2020,7,10,tsic10_2016_2020,0.0091027220,199.9391357273,220.0293083236,36114.5945394754,41267.3831119722,219.8088529487,241.8955633762,90.9604563443
海洋水運業,海洋水運業,7675.0000000000,100135.0000000000,81140.0000000000,171.8000000000,165.4000000000,2020,7,10,tsic10_2016_2020,0.0009647907,490.5683192261,582.8579743888,89203.5982019188,110086.2990627204,539.3204244372,640.7817174780,90.9604563443
港埠業,港埠業,2630.0000000000,91538.0000000000,63909.0000000000,166.9000000000,161.3000000000,2020,7,10,tsic10_2016_2020,0.0003306058,396.2120272784,548.4601557819,70260.2015958396,100634.9392680212,435.5871146673,602.9654839306,90.9604563443
航空運輸業,航空運輸業,22727.0000000000,82288.0000000000,70925.0000000000,159.2000000000,158.3000000000,2020,7,10,tsic10_2016_2020,0.0028569119,448.0416929880,516.8844221106,77973.4434615613,90465.6850978493,492.5675518734,568.2517908156,90.9604563443
郵政業,郵政業,26269.0000000000,76926.0000000000,52877.0000000000,165.9000000000,163.9000000000,2020,7,10,tsic10_2016_2020,0.0033021613,322.6174496644,463.6889692586,58131.8543520195,84570.8158156372,354.6787940941,509.7698361401,90.9604563443
鐵路大眾捷運系統運輸業,鐵路大眾捷運系統運輸業,30902.0000000000,69173.0000000000,48315.0000000000,181.9000000000,166.3000000000,2020,7,10,tsic10_2016_2020,0.0038845555,290.5291641612,380.2803738318,53116.4881331736,76047.3317527893,319.4016123462,418.0721921539,90.9604563443
住宿業,住宿業,82807.0000000000,37838.0000000000,33564.0000000000,156.3000000000,154.5000000000,2020,8,10,tsic10_2016_2020,0.0104093063,217.2427184466,242.0857325656,36899.5510235297,41598.2961395637,238.8320454597,266.1439292359,90.9604563443
其他餐飲業,其他餐飲業,78353.0000000000,39443.0000000000,37125.0000000000,154.7000000000,151.9000000000,2020,8,10,tsic10_2016_2020,0.0098494135,244.4042132982,254.9644473174,40814.4390343386,43362.7991604422,268.6928178692,280.3025155814,90.9604563443
餐館,餐館,315162.0000000000,33178.0000000000,30180.0000000000,158.4000000000,153.8000000000,2020,8,10,tsic10_2016_2020,0.0396176387,196.2288686606,209.4570707071,33179.2530654906,36475.1907954555,215.7298638849,230.2726691632,90.9604563443
出版業,出版業,35232.0000000000,60925.0000000000,53741.0000000000,163.0000000000,161.7000000000,2020,9,10,tsic10_2016_2020,0.0044288609,332.3500309215,373.7730061350,59081.7176604550,66979.6551694836,365.3785878816,410.9181298741,90.9604563443
廣播電視節目編排及傳播業,廣播、電視節目編排及傳播業,16248.0000000000,50830.0000000000,43482.0000000000,165.1000000000,164.3000000000,2020,9,10,tsic10_2016_2020,0.0020424651,264.6500304321,307.8740157480,47803.1902516124,55881.4258886311,290.9506406063,338.4701749766,90.9604563443
影片及電視節目業;聲音錄製及音樂發行業,影片及電視節目業；聲音錄製及音樂發行業,19122.0000000000,44058.0000000000,40152.0000000000,155.3000000000,154.7000000000,2020,9,10,tsic10_2016_2020,0.0024037431,259.5475113122,283.6960721185,44142.2587503505,48436.4324572361,285.3410391102,311.8894556165,90.9604563443
資訊服務業,資訊服務業,27684.0000000000,82457.0000000000,72894.0000000000,163.3000000000,162.0000000000,2020,9,10,tsic10_2016_2020,0.0034800347,449.9629629630,504.9418248622,80138.1203762715,90651.4801199854,494.6797554091,555.1223522351,90.9604563443
電信業,電信業,51737.0000000000,94654.0000000000,65874.0000000000,163.7000000000,160.1000000000,2020,9,10,tsic10_2016_2020,0.0065036323,411.4553404122,578.2162492364,72420.4809952329,104060.6036998326,452.3452904137,635.6787031144,90.9604563443
電腦程式設計諮詢及相關服務業,電腦程式設計、諮詢及相關服務業,87922.0000000000,75327.0000000000,64544.0000000000,163.6000000000,162.3000000000,2020,9,10,tsic10_2016_2020,0.0110522907,397.6833025262,460.4339853301,70958.3071523866,82812.9090677340,437.2046035267,506.1913757196,90.9604563443
不動產經營及相關服務業,不動產經營及相關服務業,76652.0000000000,49090.0000000000,38565.0000000000,170.5000000000,166.6000000000,2020,10,10,tsic10_2016_2020,0.0096355882,231.4825930372,287.9178885630,42397.5445483978,53968.5067258096,254.4870621152,316.5308312364,90.9604563443
不動產開發業,不動產開發業,45873.0000000000,62706.0000000000,49714.0000000000,165.4000000000,164.2000000000,2020,10,10,tsic10_2016_2020,0.0057664945,302.7649208283,379.1172914148,54654.5191152353,68937.6488643027,332.8533441854,416.7935239680,90.9604563443
人身保險業,人身保險業,116517.0000000000,80254.0000000000,63145.0000000000,166.2000000000,164.8000000000,2020,10,10,tsic10_2016_2020,0.0146468432,383.1614077670,482.8760529483,69420.2761703249,88229.5485592407,421.2395398685,530.8637097427,90.9604563443
信用合作社,信用合作社,3972.0000000000,76055.0000000000,47316.0000000000,165.2000000000,164.0000000000,2020,10,10,tsic10_2016_2020,0.0004993028,288.5121951220,460.3813559322,52018.2086827950,83613.2568553972,317.1841992853,506.1335160738,90.9604563443
其他保險輔助業,其他保險輔助業,976.0000000000,117626.0000000000,86203.0000000000,169.1000000000,166.7000000000,2020,10,10,tsic10_2016_2020,0.0001226887,517.1145770846,695.6002365464,94769.7532141977,129315.5341643936,568.5048183215,764.7281736511,90.9604563443
其他金融服務業,其他金融服務業,40291.0000000000,111443.0000000000,60278.0000000000,159.5000000000,157.8000000000,2020,10,10,tsic10_2016_2020,0.0050648057,381.9898605830,698.7021943574,66268.3570669862,122518.0748634019,419.9515656970,768.1384003975,90.9604563443
證券期貨及金融輔助業,證券期貨及金融輔助業,51029.0000000000,94164.0000000000,65851.0000000000,165.2000000000,164.1000000000,2020,10,10,tsic10_2016_2020,0.0064146327,401.2858013406,570.0000000000,72395.1952821611,103521.9080735208,441.1651144556,626.6459326484,90.9604563443
財產保險業,財產保險業,17320.0000000000,65868.0000000000,47206.0000000000,164.3000000000,162.5000000000,2020,10,10,tsic10_2016_2020,0.0021772216,290.4984615385,400.9007912355,51897.2770115822,72413.8847222576,319.3678585328,440.7418424970,90.9604563443
農會及漁會信用部,農會及漁會信用部,10687.0000000000,65993.0000000000,50951.0000000000,166.2000000000,165.4000000000,2020,10,10,tsic10_2016_2020,0.0013434161,308.0471584039,397.0697954272,56014.4507269653,72551.3070759086,338.6605243468,436.5301268105,90.9604563443
銀行業,銀行業,154071.0000000000,106409.0000000000,67386.0000000000,170.9000000000,163.9000000000,2020,10,10,tsic10_2016_2020,0.0193675926,411.1409395973,622.6389701580,74082.7417849950,116983.8018371700,451.9996448139,684.5161020314,90.9604563443
企業總管理機構及管理顧問業,企業總管理機構及管理顧問業,79672.0000000000,62729.0000000000,52562.0000000000,164.1000000000,160.7000000000,2020,11,10,tsic10_2016_2020,0.0100152192,327.0815183572,382.2608165753,57785.5500208190,68962.9345773744,359.5864967070,420.2494489785,90.9604563443
其他專業科學及技術服務業,其他專業、科學及技術服務業,19189.0000000000,52751.0000000000,46827.0000000000,161.5000000000,159.2000000000,2020,11,10,tsic10_2016_2020,0.0024121654,294.1394472362,326.6315789474,51480.6124353124,57993.3326195393,323.3706811263,359.0918428454,90.9604563443
專門設計業,專門設計業,28368.0000000000,68318.0000000000,59576.0000000000,168.7000000000,165.0000000000,2020,11,10,tsic10_2016_2020,0.0035660174,361.0666666667,404.9673977475,65496.5931288823,75107.3628538167,396.9490492660,445.2125836029,90.9604563443
廣告業及市場研究業,廣告業及市場研究業,38352.0000000000,51950.0000000000,46423.0000000000,160.4000000000,159.0000000000,2020,11,10,tsic10_2016_2020,0.0048210624,291.9685534591,323.8778054863,51036.4633883125,57112.7301773438,320.9840464674,356.0644026019,90.9604563443
建築工程服務及技術檢測,建築、工程服務及技術檢測、,71115.0000000000,67212.0000000000,53488.0000000000,166.5000000000,161.6000000000,2020,11,10,tsic10_2016_2020,0.0089395561,330.9900990099,403.6756756757,58803.5748166654,73891.4498687129,363.8835075289,443.7924917040,90.9604563443
會計服務業,會計服務業,28880.0000000000,63269.0000000000,50905.0000000000,177.5000000000,162.7000000000,2020,11,10,tsic10_2016_2020,0.0036303787,312.8764597419,356.4450704225,55963.8793008217,69556.5991451466,343.9697559977,391.8681641980,90.9604563443
法律服務業,法律服務業,12469.0000000000,62386.0000000000,47793.0000000000,162.0000000000,160.3000000000,2020,11,10,tsic10_2016_2020,0.0015674235,298.1472239551,385.0987654321,52542.6123843271,68585.8476389562,327.7767460033,423.3694298701,90.9604563443
人力仲介業,人力仲介業,21820.0000000000,38798.0000000000,36216.0000000000,165.9000000000,163.7000000000,2020,12,10,tsic10_2016_2020,0.0027428969,221.2339645693,233.8637733574,39815.1036785887,42653.6998156032,243.2199369492,257.1048813478,90.9604563443
人力供應業,人力供應業,127031.0000000000,39026.0000000000,35812.0000000000,169.1000000000,161.6000000000,2020,12,10,tsic10_2016_2020,0.0159685122,221.6089108911,230.7865168539,39370.9546315888,42904.3581886626,243.6321449975,253.7218106958,90.9604563443
保全及偵探業,保全及偵探業,93592.0000000000,36209.0000000000,31861.0000000000,227.0000000000,207.1000000000,2020,12,10,tsic10_2016_2020,0.0117650416,153.8435538387,159.5110132159,35027.3088773889,39807.4080267843,169.1323461004,175.3630309550,90.9604563443
建築物及綠化服務業,建築物及綠化服務業,94572.0000000000,32782.0000000000,31008.0000000000,168.6000000000,163.9000000000,2020,12,10,tsic10_2016_2020,0.0118882331,189.1885295912,194.4365361803,34089.5387360746,36039.8367790892,207.9898641615,213.7594115011,90.9604563443
教育輔助及其他教育業,教育輔助及其他教育業,72685.0000000000,27081.0000000000,24919.0000000000,126.5000000000,125.9000000000,2020,12,10,tsic10_2016_2020,0.0091369139,197.9269261319,214.0790513834,27395.4210450285,29772.2780737757,217.5966723195,235.3539768678,90.9604563443
旅行及相關服務業,旅行及相關服務業,26779.0000000000,42926.0000000000,39126.0000000000,157.3000000000,156.8000000000,2020,12,10,tsic10_2016_2020,0.0033662711,249.5280612245,272.8925619835,43014.2960715834,47191.9356225729,274.3258678035,300.0123052929,90.9604563443
租賃業,租賃業,20160.0000000000,44339.0000000000,36385.0000000000,166.0000000000,163.6000000000,2020,12,10,tsic10_2016_2020,0.0025342256,222.4022004890,267.1024096386,40000.8987007248,48745.3579082435,244.5042707868,293.6467343870,90.9604563443
行政支援服務業,行政支援服務業,19190.0000000000,46111.0000000000,41924.0000000000,159.2000000000,153.8000000000,2020,12,10,tsic10_2016_2020,0.0024122911,272.5877763329,289.6419597990,46090.3580357067,50693.4571935997,299.6772304012,318.4262386533,90.9604563443
創作及藝術表演業,創作及藝術表演業,10827.0000000000,43188.0000000000,38584.0000000000,139.8000000000,138.3000000000,2020,13,10,tsic10_2016_2020,0.0013610149,278.9877078814,308.9270386266,42418.4327461527,47479.9728758253,306.7131796540,339.6278460359,90.9604563443
運動娛樂及休閒服務業,運動、娛樂及休閒服務業,60094.0000000000,40168.0000000000,37543.0000000000,161.7000000000,159.9000000000,2020,13,10,tsic10_2016_2020,0.0075541543,234.7904940588,248.4106369821,41273.9793849474,44159.8488116179,258.1236984675,273.0973952481,90.9604563443
醫療保健業,醫療保健業,394076.0000000000,68709.0000000000,56606.0000000000,162.9000000000,159.2000000000,2020,13,10,tsic10_2016_2020,0.0495375730,355.5653266332,421.7863720074,62231.4380061352,75537.2199760369,390.9009925008,463.7030078333,90.9604563443
個人及家庭用品維修業,個人及家庭用品維修業,41773.0000000000,41821.0000000000,34247.0000000000,170.1000000000,166.9000000000,2020,14,10,tsic10_2016_2020,0.0052511014,205.1947273817,245.8612580835,37650.4267638786,45977.1220162983,225.5867391485,270.2946620594,90.9604563443
其他個人服務業,其他個人服務業,29092.0000000000,36377.0000000000,33957.0000000000,164.9000000000,162.9000000000,2020,14,10,tsic10_2016_2020,0.0036570283,208.4530386740,220.6003638569,37331.6069034084,39992.1036700912,229.1688576023,242.5233697398,90.9604563443
美髮及美容美體業,美髮及美容美體業,40419.0000000000,30546.0000000000,28793.0000000000,180.2000000000,178.5000000000,2020,14,10,tsic10_2016_2020,0.0050808960,161.3053221289,169.5116537181,31654.4146293794,33581.6257169807,177.3356561870,186.3575234017,90.9604563443
石油及天然氣礦業,石油及天然氣礦業,1332.0000000000,87075.0000000000,58157.0000000000,177.2000000000,167.2000000000,2021,1,11,tsic11_2021_2024,0.0001638377,347.8289473684,491.3939051919,62701.0002666667,93878.4600000000,375.0059824561,529.7881489842,92.7529062577
砂石採取及其他礦業,砂、石採取及其他礦業,2092.0000000000,36002.0000000000,32048.0000000000,165.6000000000,162.4000000000,2021,1,11,tsic11_2021_2024,0.0002573187,197.3399014778,217.4033816425,34552.0170666667,38814.9562666667,212.7587257800,234.3898325282,92.7529062577
其他化學製品製造業,其他化學製品製造業,53090.0000000000,61358.0000000000,48240.0000000000,169.6000000000,160.2000000000,2021,2,11,tsic11_2021_2024,0.0065301377,301.1235955056,361.7806603774,52009.1520000000,66152.1050666667,324.6513857678,390.0477893082,92.7529062577
其他製造業,其他製造業,89422.0000000000,43854.0000000000,36595.0000000000,170.9000000000,160.1000000000,2021,2,11,tsic11_2021_2024,0.0109990200,228.5758900687,256.6062024576,39454.2893333333,47280.4592000000,246.4352862794,276.6557004096,92.7529062577
其他運輸工具及其零件製造業,其他運輸工具及其零件製造業,77100.0000000000,51259.0000000000,40541.0000000000,173.9000000000,158.3000000000,2021,2,11,tsic11_2021_2024,0.0094833983,256.1023373342,294.7613571018,43708.6034666667,55264.0365333333,276.1124666246,317.7920444700,92.7529062577
化學原材料肥料氮化合物,化學原材料、肥料、氮化合物、,67047.0000000000,76969.0000000000,54274.0000000000,176.5000000000,163.4000000000,2021,2,11,tsic11_2021_2024,0.0082468665,332.1542227662,436.0849858357,58514.6085333333,82982.8445333333,358.1065393717,470.1577593957,92.7529062577
印刷及資料儲存媒體複製業,印刷及資料儲存媒體複製業,54793.0000000000,39366.0000000000,32880.0000000000,168.8000000000,160.6000000000,2021,2,11,tsic11_2021_2024,0.0067396089,204.7322540473,233.2109004739,35449.0240000000,42441.7968000000,220.7286674969,251.4324454976,92.7529062577
基本金屬製造業,基本金屬製造業,111675.0000000000,60278.0000000000,42680.0000000000,182.7000000000,161.2000000000,2021,2,11,tsic11_2021_2024,0.0137361674,264.7642679901,329.9288451013,46014.7306666667,64987.7210666667,285.4511827957,355.7072855318,92.7529062577
塑膠製品製造業,塑膠製品製造業,137494.0000000000,44086.0000000000,36091.0000000000,177.2000000000,160.8000000000,2021,2,11,tsic11_2021_2024,0.0169119374,224.4465174129,248.7923250564,38910.9101333333,47530.5861333333,241.9832719735,268.2312987208,92.7529062577
家具製造業,家具製造業,30662.0000000000,33764.0000000000,29083.0000000000,167.1000000000,157.4000000000,2021,2,11,tsic11_2021_2024,0.0037714651,184.7712833545,202.0586475165,31355.3517333333,36402.0938666667,199.2080796273,217.8461631757,92.7529062577
成衣及服飾品製造業,成衣及服飾品製造業,35304.0000000000,38932.0000000000,32453.0000000000,166.2000000000,159.2000000000,2021,2,11,tsic11_2021_2024,0.0043424370,203.8505025126,234.2478941035,34988.6610666667,41973.8869333333,219.7780217755,252.5504628961,92.7529062577
木竹製品製造業,木竹製品製造業,16337.0000000000,37165.0000000000,32444.0000000000,178.2000000000,165.1000000000,2021,2,11,tsic11_2021_2024,0.0020094718,196.5112053301,208.5578002245,34978.9578666667,40068.8253333333,211.8652808399,224.8531163487,92.7529062577
機械設備製造業,機械設備製造業,235461.0000000000,43681.0000000000,33696.0000000000,172.2000000000,159.6000000000,2021,2,11,tsic11_2021_2024,0.0289620033,211.1278195489,253.6643437863,36328.7808000000,47093.9421333333,227.6239398496,273.4839845141,92.7529062577
橡膠製品製造業,橡膠製品製造業,39473.0000000000,44611.0000000000,34856.0000000000,181.4000000000,160.0000000000,2021,2,11,tsic11_2021_2024,0.0048552293,217.8500000000,245.9261300992,37579.4154666667,48096.6061333333,234.8713466667,265.1411583976,92.7529062577
汽車及其零件製造業,汽車及其零件製造業,83651.0000000000,47855.0000000000,37785.0000000000,173.0000000000,158.4000000000,2021,2,11,tsic11_2021_2024,0.0102891797,238.5416666667,276.6184971098,40737.2680000000,51594.0706666667,257.1797222222,298.2316223507,92.7529062577
產業用機械設備維修及安裝業,產業用機械設備維修及安裝業,46316.0000000000,61559.0000000000,47106.0000000000,169.1000000000,160.2000000000,2021,2,11,tsic11_2021_2024,0.0056969271,294.0449438202,364.0390301597,50786.5488000000,66368.8098666667,317.0196554307,392.4826130495,92.7529062577
皮革毛皮及其製品製造業,皮革、毛皮及其製品製造業,19279.0000000000,45394.0000000000,37474.0000000000,165.1000000000,158.5000000000,2021,2,11,tsic11_2021_2024,0.0023713416,236.4290220820,274.9485160509,40401.9685333333,48940.7845333333,254.9020096740,296.4311601050,92.7529062577
石油及煤製品製造業,石油及煤製品製造業,11543.0000000000,86748.0000000000,62867.0000000000,175.3000000000,162.3000000000,2021,2,11,tsic11_2021_2024,0.0014198037,387.3505853358,494.8545350827,67779.0082666667,93525.9104000000,417.6155777367,533.5191694238,92.7529062577
紙漿紙及紙製品製造業,紙漿、紙及紙製品製造業,50940.0000000000,41925.0000000000,33961.0000000000,177.6000000000,160.9000000000,2021,2,11,tsic11_2021_2024,0.0062656850,211.0689869484,236.0641891892,36614.4861333333,45200.7400000000,227.5605104620,254.5086711712,92.7529062577
紡織業,紡織業,93743.0000000000,40690.0000000000,35520.0000000000,169.8000000000,159.3000000000,2021,2,11,tsic11_2021_2024,0.0115305086,222.9755178908,239.6348645465,38295.2960000000,43869.2453333333,240.3973383553,258.3583352964,92.7529062577
藥品及醫用化學製品製造業,藥品及醫用化學製品製造業,33794.0000000000,56052.0000000000,41516.0000000000,174.9000000000,160.6000000000,2021,2,11,tsic11_2021_2024,0.0041567051,258.5056039851,320.4802744425,44759.7834666667,60431.5296000000,278.7035085098,345.5204665523,92.7529062577
金屬製品製造業,金屬製品製造業,350657.0000000000,39865.0000000000,33032.0000000000,171.6000000000,159.1000000000,2021,2,11,tsic11_2021_2024,0.0431312582,207.6178504085,232.3135198135,35612.9002666667,42979.7853333333,223.8397251205,250.4649494949,92.7529062577
電力設備及配備製造業,電力設備及配備製造業,125398.0000000000,48970.0000000000,36647.0000000000,178.6000000000,159.4000000000,2021,2,11,tsic11_2021_2024,0.0154241139,229.9058971142,274.1881298992,39510.3522666667,52796.1893333333,247.8692112087,295.6113624487,92.7529062577
電子零組件製造業,電子零組件製造業,642527.0000000000,82638.0000000000,49625.0000000000,183.5000000000,161.2000000000,2021,2,11,tsic11_2021_2024,0.0790316405,307.8473945409,450.3433242507,53502.3666666667,89094.7824000000,331.9005376344,485.5301493188,92.7529062577
電腦電子產品及光學製品製造業,電腦、電子產品及光學製品製造業,232525.0000000000,78201.0000000000,48550.0000000000,171.6000000000,160.0000000000,2021,2,11,tsic11_2021_2024,0.0286008716,303.4375000000,455.7167832168,52343.3733333333,84311.1048000000,327.1460833333,491.3234545455,92.7529062577
非金屬礦物製品製造業,非金屬礦物製品製造業,71003.0000000000,45452.0000000000,35707.0000000000,177.0000000000,162.2000000000,2021,2,11,tsic11_2021_2024,0.0087334596,220.1418002466,256.7909604520,38496.9069333333,49003.3162666667,237.3422129059,276.8548941620,92.7529062577
食品及飼品製造業,食品及飼品製造業,133573.0000000000,43969.0000000000,36449.0000000000,173.4000000000,158.7000000000,2021,2,11,tsic11_2021_2024,0.0164296494,229.6723377442,253.5697808535,39296.8818666667,47404.4445333333,247.6174030666,273.3820330642,92.7529062577
飲料及菸草製造業,飲料及菸草製造業,15876.0000000000,57800.0000000000,44336.0000000000,172.2000000000,162.7000000000,2021,2,11,tsic11_2021_2024,0.0019527682,272.5015365704,335.6562137050,47800.1194666667,62316.1066666667,293.7929899611,361.8821525358,92.7529062577
氣體燃料供應業,氣體燃料供應業,5986.0000000000,69158.0000000000,49020.0000000000,168.8000000000,163.7000000000,2021,3,11,tsic11_2021_2024,0.0007362856,299.4502138057,409.7037914692,52850.0960000000,74561.5450666667,322.8472571778,441.7153143760,92.7529062577
電力供應業,電力供應業,27186.0000000000,99012.0000000000,67610.0000000000,178.8000000000,166.0000000000,2021,3,11,tsic11_2021_2024,0.0033439127,407.2891566265,553.7583892617,72892.5946666667,106748.1376000000,439.1120160643,597.0253780761,92.7529062577
廢棄物清除業,廢棄物清除業,10905.0000000000,33788.0000000000,30102.0000000000,171.2000000000,164.7000000000,2021,4,11,tsic11_2021_2024,0.0013413289,182.7686703097,197.3598130841,32453.9696000000,36427.9690666667,197.0489957498,212.7801931464,92.7529062577
廢棄物處理業,廢棄物處理業,5656.0000000000,42339.0000000000,33834.0000000000,172.1000000000,162.3000000000,2021,4,11,tsic11_2021_2024,0.0006956952,208.4658040665,246.0139453806,36477.5632000000,45647.0872000000,224.7539322243,265.2358349797,92.7529062577
廢水及污水處理業,廢水及污水處理業,2484.0000000000,38098.0000000000,33443.0000000000,169.2000000000,165.4000000000,2021,4,11,tsic11_2021_2024,0.0003055352,202.1946795647,225.1654846336,36056.0130666667,41074.7237333333,217.9928238613,242.7584144996,92.7529062577
用水供應業,用水供應業,6324.0000000000,79752.0000000000,56715.0000000000,167.1000000000,164.8000000000,2021,4,11,tsic11_2021_2024,0.0007778601,344.1444174757,477.2710951526,61146.3320000000,85983.2896000000,371.0335679612,514.5618767205,92.7529062577
資源回收處理及污染整治業,資源回收處理及污染整治業,8719.0000000000,38398.0000000000,33186.0000000000,168.4000000000,160.7000000000,2021,4,11,tsic11_2021_2024,0.0010724481,206.5090230243,228.0166270784,35778.9328000000,41398.1637333333,222.6442613566,245.8323262074,92.7529062577
其他專門營造業,其他專門營造業,167909.0000000000,43105.0000000000,39772.0000000000,162.1000000000,159.8000000000,2021,5,11,tsic11_2021_2024,0.0206530212,248.8861076345,265.9161011721,42879.5189333333,46472.9373333333,268.3324088444,286.6930125437,92.7529062577
土木工程業,土木工程業,82336.0000000000,46681.0000000000,39262.0000000000,167.2000000000,162.1000000000,2021,5,11,tsic11_2021_2024,0.0101274330,242.2085132634,279.1925837321,42329.6709333333,50328.3421333333,261.1330717664,301.0068309410,92.7529062577
建築工程業,建築工程業,84103.0000000000,57914.0000000000,45696.0000000000,170.3000000000,164.4000000000,2021,5,11,tsic11_2021_2024,0.0103447763,277.9562043796,340.0704638873,49266.3808000000,62439.0138666667,299.6738491484,366.6413027990,92.7529062577
機電管道及其他建築設備安裝業,機電、管道及其他建築設備安裝業,143382.0000000000,46901.0000000000,39760.0000000000,166.0000000000,161.8000000000,2021,5,11,tsic11_2021_2024,0.0176361689,245.7354758962,282.5361445783,42866.5813333333,50565.5314666667,264.9356077462,304.6116353414,92.7529062577
批發業,批發業,1069086.0000000000,55263.0000000000,44335.0000000000,160.2000000000,157.7000000000,2021,6,11,tsic11_2021_2024,0.1314989415,281.1350665821,344.9625468165,47799.0413333333,59580.8824000000,303.1010864511,371.9156204744,92.7529062577
零售業,零售業,635780.0000000000,45033.0000000000,37981.0000000000,155.7000000000,151.8000000000,2021,6,11,tsic11_2021_2024,0.0782017509,250.2042160738,289.2292870906,40948.5821333333,48551.5784000000,269.7535054897,311.8277353886,92.7529062577
倉儲業,倉儲業,14179.0000000000,56068.0000000000,42880.0000000000,169.8000000000,159.7000000000,2021,7,11,tsic11_2021_2024,0.0017440351,268.5034439574,330.2002355713,46230.3573333333,60448.7797333333,289.4825130453,355.9998806439,92.7529062577
公共汽車客運業,公共汽車客運業,22014.0000000000,50215.0000000000,42134.0000000000,186.7000000000,162.6000000000,2021,7,11,tsic11_2021_2024,0.0027077501,259.1266912669,268.9608998393,45426.0698666667,54138.4653333333,279.3731234112,289.9757114801,92.7529062577
其他汽車客運業,其他汽車客運業,10221.0000000000,29235.0000000000,28007.0000000000,161.1000000000,160.2000000000,2021,7,11,tsic11_2021_2024,0.0012571960,174.8252184769,181.4711359404,30195.2802666667,31519.2280000000,188.4848955472,195.6500806952,92.7529062577
其他運輸輔助業,其他運輸輔助業,68449.0000000000,47673.0000000000,40229.0000000000,165.2000000000,160.7000000000,2021,7,11,tsic11_2021_2024,0.0084193143,250.3360298693,288.5774818402,43372.2258666667,51397.8504000000,269.8956183364,311.1250024213,92.7529062577
快遞業,快遞業,19557.0000000000,66968.0000000000,52984.0000000000,191.2000000000,173.8000000000,2021,7,11,tsic11_2021_2024,0.0024055359,304.8561565017,350.2510460251,57123.8165333333,72200.4330666667,328.6755841964,377.6173277545,92.7529062577
汽車貨運業,汽車貨運業,72713.0000000000,39454.0000000000,34069.0000000000,170.0000000000,163.3000000000,2021,7,11,tsic11_2021_2024,0.0089437917,208.6282914881,232.0823529412,36730.9245333333,42536.6725333333,224.9291153297,250.2157207843,92.7529062577
海洋水運業,海洋水運業,7836.0000000000,147623.0000000000,82727.0000000000,171.5000000000,165.2000000000,2021,7,11,tsic11_2021_2024,0.0009638380,500.7687651332,860.7755102041,89190.7362666667,159157.2770666667,539.8954979822,928.0307700680,92.7529062577
港埠業,港埠業,2634.0000000000,90977.0000000000,62945.0000000000,168.7000000000,161.4000000000,2021,7,11,tsic11_2021_2024,0.0003239854,389.9938042131,539.2827504446,67863.1026666667,98085.3362666667,420.4653201157,581.4187093460,92.7529062577
航空運輸業,航空運輸業,22036.0000000000,85283.0000000000,74784.0000000000,156.9000000000,156.4000000000,2021,7,11,tsic11_2021_2024,0.0027104561,478.1585677749,543.5500318674,80627.1232000000,91946.4450666667,515.5186905371,586.0194076907,92.7529062577
郵政業,郵政業,25778.0000000000,78019.0000000000,53672.0000000000,164.7000000000,163.1000000000,2021,7,11,tsic11_2021_2024,0.0031707269,329.0741876150,473.7037037037,57865.5722666667,84114.8845333333,354.7858508073,510.7157530864,92.7529062577
鐵路大眾捷運系統運輸業,鐵路大眾捷運系統運輸業,31303.0000000000,68912.0000000000,48702.0000000000,175.1000000000,161.7000000000,2021,7,11,tsic11_2021_2024,0.0038503089,301.1873840445,393.5579668761,52507.2496000000,74296.3242666667,324.7201583179,424.3079626880,92.7529062577
住宿業,住宿業,82787.0000000000,37373.0000000000,34441.0000000000,158.5000000000,156.4000000000,2021,8,11,tsic11_2021_2024,0.0101829066,220.2109974425,235.7917981073,37131.9901333333,40293.0770666667,237.4168167093,254.2149972660,92.7529062577
其他餐飲業,其他餐飲業,79858.0000000000,39957.0000000000,36836.0000000000,147.1000000000,144.8000000000,2021,8,11,tsic11_2021_2024,0.0098226359,254.3922651934,271.6315431679,39714.1194666667,43078.9736000000,274.2687808471,292.8550210741,92.7529062577
餐館,餐館,317984.0000000000,33187.0000000000,30362.0000000000,157.4000000000,152.4000000000,2021,8,11,tsic11_2021_2024,0.0391124376,199.2257217848,210.8449809403,32734.2842666667,35780.0109333333,214.7918915136,227.3190021177,92.7529062577
出版業,出版業,32770.0000000000,61015.0000000000,53363.0000000000,161.4000000000,159.7000000000,2021,9,11,tsic11_2021_2024,0.0040307518,334.1452723857,378.0359355638,57532.4290666667,65782.3053333333,360.2531563348,407.5731433292,92.7529062577
廣播電視節目編排及傳播業,廣播、電視節目編排及傳播業,16210.0000000000,51395.0000000000,44195.0000000000,159.0000000000,158.1000000000,2021,9,11,tsic11_2021_2024,0.0019938507,279.5382669197,323.2389937107,47648.1026666667,55410.6626666667,301.3795235083,348.4947337526,92.7529062577
影片及電視節目業;聲音錄製及音樂發行業,影片及電視節目業；聲音錄製及音樂發行業,18942.0000000000,45162.0000000000,40567.0000000000,144.5000000000,143.7000000000,2021,9,11,tsic11_2021_2024,0.0023298902,282.3034098817,312.5397923875,43736.6349333333,48690.6576000000,304.3607163071,336.9595681661,92.7529062577
資訊服務業,資訊服務業,28057.0000000000,92194.0000000000,79060.0000000000,163.2000000000,161.7000000000,2021,9,11,tsic11_2021_2024,0.0034510468,488.9301175015,564.9142156863,85237.2213333333,99397.4245333333,527.1318573490,609.0528464052,92.7529062577
電信業,電信業,51130.0000000000,94287.0000000000,65683.0000000000,165.0000000000,161.2000000000,2021,9,11,tsic11_2021_2024,0.0062890552,407.4627791563,571.4363636364,70815.0317333333,101653.9576000000,439.2992043011,616.0845915152,92.7529062577
電腦程式設計諮詢及相關服務業,電腦程式設計、諮詢及相關服務業,90987.0000000000,75851.0000000000,65724.0000000000,162.6000000000,161.1000000000,2021,9,11,tsic11_2021_2024,0.0111915170,407.9702048417,466.4883148831,70859.2352000000,81777.4914666667,439.8462768467,502.9366018860,92.7529062577
不動產經營及相關服務業,不動產經營及相關服務業,78152.0000000000,52317.0000000000,38254.0000000000,168.3000000000,164.7000000000,2021,10,11,tsic11_2021_2024,0.0096127957,232.2647237401,310.8556149733,41242.9125333333,56404.7016000000,250.4123408217,335.1438003565,92.7529062577
不動產開發業,不動產開發業,47162.0000000000,65637.0000000000,51490.0000000000,163.8000000000,162.0000000000,2021,10,11,tsic11_2021_2024,0.0058009862,317.8395061728,400.7142857143,55513.0853333333,70765.4376000000,342.6733662551,432.0234285714,92.7529062577
人身保險業,人身保險業,115462.0000000000,80036.0000000000,64946.0000000000,164.6000000000,163.3000000000,2021,10,11,tsic11_2021_2024,0.0142019733,397.7097366810,486.2454434994,70020.4474666667,86289.4794666667,428.7841241070,524.2374208181,92.7529062577
信用合作社,信用合作社,3942.0000000000,77653.0000000000,47555.0000000000,163.9000000000,162.8000000000,2021,10,11,tsic11_2021_2024,0.0004848710,292.1068796069,473.7827943868,51270.6306666667,83720.2877333333,314.9301638002,510.8010233882,92.7529062577
其他保險輔助業,其他保險輔助業,983.0000000000,129320.0000000000,87820.0000000000,168.7000000000,165.5000000000,2021,10,11,tsic11_2021_2024,0.0001209103,530.6344410876,766.5678719621,94681.6693333333,139424.2026666667,572.0946787513,826.4623750247,92.7529062577
其他金融服務業,其他金融服務業,41274.0000000000,122234.0000000000,61184.0000000000,157.5000000000,156.0000000000,2021,10,11,tsic11_2021_2024,0.0050767546,392.2051282051,776.0888888889,65964.5098666667,131784.5498666667,422.8494222222,836.7273007407,92.7529062577
證券期貨及金融輔助業,證券期貨及金融輔助業,52626.0000000000,114516.0000000000,69364.0000000000,164.0000000000,162.6000000000,2021,10,11,tsic11_2021_2024,0.0064730651,426.5928659287,698.2682926829,74783.6405333333,123463.5168000000,459.9239885199,752.8263219512,92.7529062577
財產保險業,財產保險業,17612.0000000000,68173.0000000000,48199.0000000000,163.5000000000,161.4000000000,2021,10,11,tsic11_2021_2024,0.0021662985,298.6307311029,416.9602446483,51964.9485333333,73499.5837333333,321.9637455597,449.5387384302,92.7529062577
農會及漁會信用部,農會及漁會信用部,10598.0000000000,66628.0000000000,51226.0000000000,165.2000000000,164.3000000000,2021,10,11,tsic11_2021_2024,0.0013035675,311.7833231893,403.3171912833,55228.4581333333,71833.8677333333,336.1439935078,434.8297078289,92.7529062577
銀行業,銀行業,154404.0000000000,107452.0000000000,68652.0000000000,169.5000000000,162.9000000000,2021,10,11,tsic11_2021_2024,0.0189918889,421.4364640884,633.9351032448,74016.0096000000,115847.5829333333,454.3646998158,683.4665659784,92.7529062577
企業總管理機構及管理顧問業,企業總管理機構及管理顧問業,77934.0000000000,63465.0000000000,52996.0000000000,162.4000000000,160.1000000000,2021,11,11,tsic11_2021_2024,0.0095859814,331.0181136790,390.7943349754,57136.7541333333,68423.7320000000,356.8816622944,421.3283990148,92.7529062577
其他專業科學及技術服務業,其他專業、科學及技術服務業,19582.0000000000,53081.0000000000,47407.0000000000,160.4000000000,156.3000000000,2021,11,11,tsic11_2021_2024,0.0024086110,303.3077415227,330.9289276808,51111.0669333333,57228.3954666667,327.0061863937,356.7855078969,92.7529062577
專門設計業,專門設計業,28233.0000000000,69197.0000000000,61315.0000000000,165.8000000000,162.3000000000,2021,11,11,tsic11_2021_2024,0.0034726950,377.7880468269,417.3522316043,66105.7453333333,74603.5922666667,407.3058862189,449.9613526337,92.7529062577
廣告業及市場研究業,廣告業及市場研究業,36367.0000000000,52403.0000000000,47131.0000000000,157.4000000000,156.3000000000,2021,11,11,tsic11_2021_2024,0.0044731874,301.5419065899,332.9288437103,50813.5021333333,56497.4210666667,325.1023808914,358.9416840322,92.7529062577
建築工程服務及技術檢測,建築、工程服務及技術檢測、,72643.0000000000,68260.0000000000,55379.0000000000,166.0000000000,161.3000000000,2021,11,11,tsic11_2021_2024,0.0089351816,343.3292002480,411.2048192771,59705.9458666667,73593.3813333333,370.1546550940,443.3336224900,92.7529062577
會計服務業,會計服務業,29142.0000000000,63067.0000000000,51341.0000000000,170.7000000000,160.5000000000,2021,11,11,tsic11_2021_2024,0.0035845032,319.8816199377,369.4610427651,55352.4434666667,67994.6349333333,344.8750371755,398.3282655731,92.7529062577
法律服務業,法律服務業,11876.0000000000,63404.0000000000,47195.0000000000,159.2000000000,157.8000000000,2021,11,11,tsic11_2021_2024,0.0014607631,299.0811153359,398.2663316583,50882.5026666667,68357.9658666667,322.4493198141,429.3842077052,92.7529062577
研究發展服務業,研究發展服務業,33078.0000000000,85520.0000000000,66937.0000000000,154.4000000000,153.0000000000,2021,11,11,tsic11_2021_2024,0.0040686362,437.4967320261,553.8860103627,72167.0109333333,92201.9626666667,471.6798100218,597.1629706390,92.7529062577
人力仲介業,人力仲介業,22178.0000000000,37759.0000000000,35079.0000000000,163.8000000000,162.1000000000,2021,12,11,tsic11_2021_2024,0.0027279223,216.4034546576,230.5189255189,37819.8392000000,40709.2365333333,233.3117779149,248.5301375661,92.7529062577
人力供應業,人力供應業,129234.0000000000,40122.0000000000,36240.0000000000,167.9000000000,160.1000000000,2021,12,11,tsic11_2021_2024,0.0158959468,226.3585259213,238.9636688505,39071.5520000000,43256.8656000000,244.0446720800,257.6346968434,92.7529062577
保全及偵探業,保全及偵探業,96144.0000000000,36728.0000000000,32357.0000000000,224.5000000000,206.5000000000,2021,12,11,tsic11_2021_2024,0.0118258346,156.6924939467,163.5991091314,34885.1602666667,39597.6810666667,168.9354008071,176.3816528582,92.7529062577
學前教育,學前教育,70643.0000000000,36071.0000000000,31716.0000000000,156.2000000000,153.4000000000,2021,12,11,tsic11_2021_2024,0.0086891791,206.7535853977,230.9282970551,34194.0768000000,38889.3474666667,222.9079322034,248.9714946650,92.7529062577
建築物及綠化服務業,建築物及綠化服務業,95553.0000000000,33455.0000000000,31318.0000000000,170.3000000000,164.7000000000,2021,12,11,tsic11_2021_2024,0.0117531409,190.1517911354,196.4474456841,33764.9797333333,36068.9506666667,205.0089844161,211.7965394402,92.7529062577
教育輔助及其他教育業,教育輔助及其他教育業,71546.0000000000,26766.0000000000,24456.0000000000,125.1000000000,124.4000000000,2021,12,11,tsic11_2021_2024,0.0088002492,196.5916398714,213.9568345324,26366.8288000000,28857.3168000000,211.9520000000,230.6739952038,92.7529062577
旅行及相關服務業,旅行及相關服務業,19608.0000000000,39671.0000000000,38842.0000000000,151.2000000000,150.9000000000,2021,12,11,tsic11_2021_2024,0.0024118090,257.4022531478,262.3743386243,41876.8549333333,42770.6274666667,277.5139491937,282.8745202822,92.7529062577
租賃業,租賃業,20338.0000000000,46402.0000000000,37859.0000000000,163.0000000000,160.1000000000,2021,12,11,tsic11_2021_2024,0.0025015999,236.4709556527,284.6748466258,40817.0498666667,50027.5429333333,254.9472196544,306.9174413088,92.7529062577
行政支援服務業,行政支援服務業,18916.0000000000,45884.0000000000,42369.0000000000,155.2000000000,149.5000000000,2021,12,11,tsic11_2021_2024,0.0023266921,283.4046822742,295.6443298969,45679.4312000000,49469.0698666667,305.5480347826,318.7440068729,92.7529062577
創作及藝術表演業,創作及藝術表演業,9002.0000000000,41110.0000000000,38241.0000000000,131.8000000000,129.8000000000,2021,13,11,tsic11_2021_2024,0.0011072575,294.6147919877,311.9119878604,41228.8968000000,44322.0613333333,317.6340277350,336.2827111786,92.7529062577
社會工作服務業,社會工作服務業,57717.0000000000,31966.0000000000,27821.0000000000,156.4000000000,150.8000000000,2021,13,11,tsic11_2021_2024,0.0070992646,184.4893899204,204.3861892583,29994.7474666667,34463.6101333333,198.9041609195,220.3555635124,92.7529062577
運動娛樂及休閒服務業,運動、娛樂及休閒服務業,50533.0000000000,38211.0000000000,36358.0000000000,138.9000000000,137.3000000000,2021,13,11,tsic11_2021_2024,0.0062156234,264.8069919883,275.0971922246,39198.7717333333,41196.5528000000,285.4972449624,296.5914528438,92.7529062577
醫療保健業,醫療保健業,404415.0000000000,68594.0000000000,57170.0000000000,158.3000000000,155.2000000000,2021,13,11,tsic11_2021_2024,0.0497435608,368.3634020619,433.3164876816,61636.8826666667,73953.4778666667,397.1448625430,467.1729492525,92.7529062577
個人及家庭用品維修業,個人及家庭用品維修業,41678.0000000000,40317.0000000000,34407.0000000000,167.0000000000,164.4000000000,2021,14,11,tsic11_2021_2024,0.0051264472,209.2883211679,241.4191616766,37095.3336000000,43467.1016000000,225.6407153285,260.2820455090,92.7529062577
其他個人服務業,其他個人服務業,26074.0000000000,38034.0000000000,34337.0000000000,148.8000000000,147.0000000000,2021,14,11,tsic11_2021_2024,0.0032071353,233.5850340136,255.6048387097,37019.8642666667,41005.7232000000,251.8358113379,275.5760967742,92.7529062577
美髮及美容美體業,美髮及美容美體業,37940.0000000000,29891.0000000000,28172.0000000000,163.3000000000,162.0000000000,2021,14,11,tsic11_2021_2024,0.0046666684,173.9012345679,183.0434782609,30373.1722666667,32226.4834666667,187.4887176955,197.3452753623,92.7529062577
石油及天然氣礦業,石油及天然氣礦業,1332.0000000000,90859.0000000000,59982.0000000000,177.2000000000,166.8000000000,2022,1,11,tsic11_2021_2024,0.0001630193,359.6043165468,512.7483069977,62817.5692267841,95154.2383110996,376.6041320551,536.9878008527,95.4860252288
砂石採取及其他礦業,砂、石採取及其他礦業,2096.0000000000,38136.0000000000,33074.0000000000,162.9000000000,158.9000000000,2022,1,11,tsic11_2021_2024,0.0002565229,208.1434864695,234.1068139963,34637.5293355783,39938.8286491387,217.9831927978,245.1739020819,95.4860252288
其他化學製品製造業,其他化學製品製造業,52581.0000000000,62870.0000000000,48982.0000000000,170.2000000000,160.6000000000,2022,2,11,tsic11_2021_2024,0.0064352241,304.9937733499,369.3889541716,51297.5588654319,65842.0955834737,319.4119481036,386.8513254023,95.4860252288
其他製造業,其他製造業,88546.0000000000,45238.0000000000,37649.0000000000,170.6000000000,160.3000000000,2022,2,11,tsic11_2021_2024,0.0108368680,234.8658764816,265.1699882767,39428.8063722316,47376.5662478954,245.9688482360,277.7055465879,95.4860252288
其他運輸工具及其零件製造業,其他運輸工具及其零件製造業,78440.0000000000,52422.0000000000,40884.0000000000,174.2000000000,157.5000000000,2022,2,11,tsic11_2021_2024,0.0096000262,259.5809523810,300.9299655568,42816.7366921383,54900.1802875275,271.8522964580,315.1560292051,95.4860252288
化學原材料肥料氮化合物,化學原材料、肥料、氮化合物、,67020.0000000000,79518.0000000000,54831.0000000000,176.1000000000,163.9000000000,2022,2,11,tsic11_2021_2024,0.0082023682,334.5393532642,451.5502555366,57423.0625566637,83277.1076285455,350.3542559894,472.8966929503,95.4860252288
印刷及資料儲存媒體複製業,印刷及資料儲存媒體複製業,53161.0000000000,41243.0000000000,33984.0000000000,169.0000000000,160.0000000000,2022,2,11,tsic11_2021_2024,0.0065062085,212.4000000000,244.0414201183,35590.5483745629,43192.7079393861,222.4409273410,255.5781534875,95.4860252288
基本金屬製造業,基本金屬製造業,111263.0000000000,63164.0000000000,43196.0000000000,179.8000000000,160.1000000000,2022,2,11,tsic11_2021_2024,0.0136171305,269.8063710181,351.3014460512,45238.0334153607,66149.9940422225,282.5611081534,367.9087544061,95.4860252288
塑膠製品製造業,塑膠製品製造業,133412.0000000000,45689.0000000000,37174.0000000000,176.5000000000,159.8000000000,2022,2,11,tsic11_2021_2024,0.0163278774,232.6282853567,258.8611898017,38931.3513793550,47848.8866727108,243.6254779684,271.0985080607,95.4860252288
家具製造業,家具製造業,30352.0000000000,34578.0000000000,29873.0000000000,165.0000000000,156.6000000000,2022,2,11,tsic11_2021_2024,0.0037146863,190.7598978289,209.5636363636,31285.2063204248,36212.6289340759,199.7778181381,219.4704783883,95.4860252288
成衣及服飾品製造業,成衣及服飾品製造業,34748.0000000000,39983.0000000000,33308.0000000000,166.8000000000,160.1000000000,2022,2,11,tsic11_2021_2024,0.0042526990,208.0449718926,239.7062350120,34882.5913741743,41873.1431161767,217.8800210754,251.0380282744,95.4860252288
木竹製品製造業,木竹製品製造業,15789.0000000000,38269.0000000000,33211.0000000000,179.0000000000,166.1000000000,2022,2,11,tsic11_2021_2024,0.0019323663,199.9458157736,213.7932960894,34781.0058282606,40078.1160471442,209.3979881292,223.9000896489,95.4860252288
機械設備製造業,機械設備製造業,236343.0000000000,45714.0000000000,34795.0000000000,168.0000000000,157.2000000000,2022,2,11,tsic11_2021_2024,0.0289252805,221.3422391858,272.1071428571,36439.8873202953,47875.0685144411,231.8058989841,284.9706459193,95.4860252288
橡膠製品製造業,橡膠製品製造業,38796.0000000000,44921.0000000000,35211.0000000000,180.4000000000,159.0000000000,2022,2,11,tsic11_2021_2024,0.0047481211,221.4528301887,249.0077605322,36875.5531666883,47044.5804947546,231.9217180295,260.7792710352,95.4860252288
汽車及其零件製造業,汽車及其零件製造業,82618.0000000000,49641.0000000000,38753.0000000000,172.0000000000,157.1000000000,2022,2,11,tsic11_2021_2024,0.0101113586,246.6772756206,288.6104651163,40584.9965030437,51987.7122134439,258.3386155509,302.2541407758,95.4860252288
產業用機械設備維修及安裝業,產業用機械設備維修及安裝業,46570.0000000000,64132.0000000000,49669.0000000000,169.5000000000,159.5000000000,2022,2,11,tsic11_2021_2024,0.0056995566,311.4043887147,378.3598820059,52017.0358761818,67163.7549540215,326.1256167786,396.2463419116,95.4860252288
皮革毛皮及其製品製造業,皮革、毛皮及其製品製造業,18607.0000000000,51859.0000000000,38415.0000000000,167.7000000000,159.0000000000,2022,2,11,tsic11_2021_2024,0.0022772525,241.6037735849,309.2367322600,40231.0180028494,54310.5652117601,253.0252704582,323.8554872496,95.4860252288
石油及煤製品製造業,石油及煤製品製造業,11471.0000000000,92536.0000000000,64306.0000000000,178.2000000000,162.0000000000,2022,2,11,tsic11_2021_2024,0.0014038998,396.9506172840,519.2817059484,67345.9805724647,96910.5162543712,415.7159294597,543.8300575442,95.4860252288
紙漿紙及紙製品製造業,紙漿、紙及紙製品製造業,50693.0000000000,45192.0000000000,35487.0000000000,176.4000000000,161.1000000000,2022,2,11,tsic11_2021_2024,0.0062041577,220.2793296089,256.1904761905,37164.6006993913,47328.3916591115,230.6927417715,268.3015400176,95.4860252288
紡織業,紡織業,90491.0000000000,42019.0000000000,36432.0000000000,168.9000000000,159.1000000000,2022,2,11,tsic11_2021_2024,0.0110749104,228.9880578253,248.7803433985,38154.2743167983,44005.3923066960,239.8131635248,260.5411030592,95.4860252288
藥品及醫用化學製品製造業,藥品及醫用化學製品製造業,34298.0000000000,56853.0000000000,42715.0000000000,174.2000000000,161.4000000000,2022,2,11,tsic11_2021_2024,0.0041976249,264.6530359356,326.3662456946,44734.2947804689,59540.6499158140,277.1641560128,341.7947756361,95.4860252288
金屬製品製造業,金屬製品製造業,348277.0000000000,40440.0000000000,33776.0000000000,169.2000000000,158.4000000000,2022,2,11,tsic11_2021_2024,0.0426245326,213.2323232323,239.0070921986,35372.7154513664,42351.7471830074,223.3125975465,250.3058344149,95.4860252288
電力設備及配備製造業,電力設備及配備製造業,126739.0000000000,50597.0000000000,37609.0000000000,175.4000000000,158.9000000000,2022,2,11,tsic11_2021_2024,0.0155111898,236.6834487099,288.4663625998,39386.9154254630,52988.9058412123,247.8723437726,302.1032260046,95.4860252288
電子零組件製造業,電子零組件製造業,658851.0000000000,90320.0000000000,51857.0000000000,182.4000000000,160.7000000000,2022,2,11,tsic11_2021_2024,0.0806347130,322.6944617299,495.1754385965,54308.4706644217,94589.7578033934,337.9494129709,518.5841984835,95.4860252288
電腦電子產品及光學製品製造業,電腦、電子產品及光學製品製造業,239839.0000000000,76216.0000000000,49979.0000000000,172.1000000000,160.0000000000,2022,2,11,tsic11_2021_2024,0.0293531450,312.3687500000,442.8588030215,52341.6907136381,79819.0099728015,327.1355669602,463.7943635840,95.4860252288
非金屬礦物製品製造業,非金屬礦物製品製造業,70698.0000000000,46775.0000000000,36538.0000000000,175.2000000000,161.2000000000,2022,2,11,tsic11_2021_2024,0.0086525071,226.6625310174,266.9805936073,38265.2853257350,48986.2258774770,237.3777005319,279.6017458760,95.4860252288
食品及飼品製造業,食品及飼品製造業,133848.0000000000,45503.0000000000,37418.0000000000,176.3000000000,159.3000000000,2022,2,11,tsic11_2021_2024,0.0163812380,234.8901443817,258.0998298355,39186.8861546432,47654.0937702370,245.9942633688,270.3011558153,95.4860252288
飲料及菸草製造業,飲料及菸草製造業,15462.0000000000,60324.0000000000,45334.0000000000,176.6000000000,163.5000000000,2022,2,11,tsic11_2021_2024,0.0018923458,277.2721712538,341.5855039638,47477.1045201399,63175.7368216552,290.3798441599,357.7335040864,95.4860252288
氣體燃料供應業,氣體燃料供應業,6097.0000000000,75410.0000000000,50227.0000000000,170.2000000000,164.5000000000,2022,3,11,tsic11_2021_2024,0.0007461928,305.3313069909,443.0669800235,52601.4145836032,78974.9073954151,319.7654381982,464.0123818767,95.4860252288
電力供應業,電力供應業,27345.0000000000,100105.0000000000,67921.0000000000,179.6000000000,166.9000000000,2022,3,11,tsic11_2021_2024,0.0033466690,406.9562612343,557.3775055679,71131.8748866727,104837.3306566507,426.1945769124,583.7267853934,95.4860252288
廢棄物清除業,廢棄物清除業,11089.0000000000,35646.0000000000,31192.0000000000,171.0000000000,165.4000000000,2022,4,11,tsic11_2021_2024,0.0013571480,188.5852478839,208.4561403509,32666.5602901179,37331.1172127963,197.5003645110,218.3106269754,95.4860252288
廢棄物處理業,廢棄物處理業,5454.0000000000,41524.0000000000,34026.0000000000,169.4000000000,161.1000000000,2022,4,11,tsic11_2021_2024,0.0006674980,211.2104283054,245.1239669421,35634.5338686699,43486.9918404352,221.1951202276,256.7118762718,95.4860252288
廢水及污水處理業,廢水及污水處理業,2624.0000000000,39362.0000000000,33966.0000000000,170.2000000000,165.9000000000,2022,4,11,tsic11_2021_2024,0.0003211432,204.7377938517,231.2690951821,35571.6974485170,41222.7861675949,214.4165005938,242.2020338872,95.4860252288
用水供應業,用水供應業,6165.0000000000,79127.0000000000,56938.0000000000,167.2000000000,165.3000000000,2022,4,11,tsic11_2021_2024,0.0007545151,344.4525105868,473.2476076555,59629.6681776972,82867.6236238829,360.7360446322,495.6197585160,95.4860252288
資源回收處理及污染整治業,資源回收處理及污染整治業,8667.0000000000,40331.0000000000,34488.0000000000,170.4000000000,161.2000000000,2022,4,11,tsic11_2021_2024,0.0010607270,213.9454094293,236.6842723005,36118.3743038467,42237.5943530631,224.0593939445,247.8732062973,95.4860252288
其他專門營造業,其他專門營造業,168977.0000000000,43675.0000000000,40084.0000000000,163.9000000000,161.2000000000,2022,5,11,tsic11_2021_2024,0.0206805665,248.6600496278,266.4734594265,41978.9177567673,45739.6775029141,260.4151225606,279.0706376017,95.4860252288
土木工程業,土木工程業,82976.0000000000,49185.0000000000,40815.0000000000,168.0000000000,162.7000000000,2022,5,11,tsic11_2021_2024,0.0101551731,250.8604794100,292.7678571429,42744.4748089626,51510.1554202824,262.7195747324,306.6080679779,95.4860252288
建築工程業,建築工程業,86931.0000000000,58827.0000000000,47135.0000000000,168.2000000000,163.1000000000,2022,5,11,tsic11_2021_2024,0.0106392132,288.9944819129,349.7443519620,49363.2443983940,61607.9681388421,302.6563114555,366.2780507660,95.4860252288
機電管道及其他建築設備安裝業,機電、管道及其他建築設備安裝業,143011.0000000000,47678.0000000000,39768.0000000000,166.9000000000,162.3000000000,2022,5,11,tsic11_2021_2024,0.0175026690,245.0277264325,285.6680647094,41647.9792772957,49931.9140007771,256.6110861201,299.1726423054,95.4860252288
批發業,批發業,1072005.0000000000,55952.0000000000,45411.0000000000,161.8000000000,159.6000000000,2022,6,11,tsic11_2021_2024,0.1311993387,284.5300751880,345.8096415328,47557.7445926693,58597.0563398524,297.9808558438,362.1573321375,95.4860252288
零售業,零售業,633899.0000000000,45420.0000000000,38982.0000000000,159.0000000000,154.3000000000,2022,6,11,tsic11_2021_2024,0.0775809158,252.6377187297,285.6603773585,40824.8221732936,47567.1700556923,264.5808306759,299.1645915452,95.4860252288
倉儲業,倉儲業,13672.0000000000,59118.0000000000,44589.0000000000,168.5000000000,159.5000000000,2022,7,11,tsic11_2021_2024,0.0016732733,279.5548589342,350.8486646884,46696.8856365756,61912.7247765833,292.7704428625,367.4345684070,95.4860252288
公共汽車客運業,公共汽車客運業,20447.0000000000,56329.0000000000,47197.0000000000,197.7000000000,167.6000000000,2022,7,11,tsic11_2021_2024,0.0025024444,281.6050119332,284.9215983814,49428.1753658853,58991.8785131460,294.9175141163,298.3908877751,95.4860252288
其他汽車客運業,其他汽車客運業,10415.0000000000,31623.0000000000,30116.0000000000,162.6000000000,161.6000000000,2022,7,11,tsic11_2021_2024,0.0012746593,186.3613861386,194.4833948339,31539.6938220438,33117.9352415490,195.1713726612,203.6773385089,95.4860252288
其他運輸輔助業,其他運輸輔助業,67731.0000000000,50920.0000000000,40889.0000000000,165.9000000000,161.3000000000,2022,7,11,tsic11_2021_2024,0.0082893852,253.4965902046,306.9318866787,42821.9730604844,53327.1752363683,265.4803041568,321.4416831607,95.4860252288
快遞業,快遞業,19490.0000000000,68282.0000000000,53466.0000000000,184.6000000000,167.8000000000,2022,7,11,tsic11_2021_2024,0.0023853201,318.6293206198,369.8916576381,55993.5339981868,71509.9406812589,333.6920977246,387.3777935063,95.4860252288
汽車貨運業,汽車貨運業,72641.0000000000,40226.0000000000,34523.0000000000,168.3000000000,162.1000000000,2022,7,11,tsic11_2021_2024,0.0088903048,212.9734731647,239.0136660725,36155.0288822691,42127.6306177956,223.0415106864,250.3127190600,95.4860252288
海洋水運業,海洋水運業,8443.0000000000,204024.0000000000,84727.0000000000,168.6000000000,164.7000000000,2022,7,11,tsic11_2021_2024,0.0010333124,514.4323011536,1210.1067615658,88732.3561714804,213668.9630876830,538.7514035913,1267.3129483255,95.4860252288
港埠業,港埠業,2573.0000000000,91992.0000000000,64579.0000000000,166.0000000000,160.4000000000,2022,7,11,tsic11_2021_2024,0.0003149014,402.6122194514,554.1686746988,67631.8862841601,96340.7993783189,421.6451763352,580.3662613152,95.4860252288
航空運輸業,航空運輸業,21846.0000000000,94634.0000000000,77567.0000000000,159.1000000000,157.6000000000,2022,7,11,tsic11_2021_2024,0.0026736636,492.1763959391,594.8082966688,81233.8766999093,99107.6964123818,515.4433800756,622.9270673311,95.4860252288
郵政業,郵政業,25680.0000000000,82167.0000000000,57126.0000000000,165.7000000000,163.5000000000,2022,7,11,tsic11_2021_2024,0.0031428949,349.3944954128,495.8780929390,59826.5556275094,86051.3355782930,365.9116552141,519.3200698750,95.4860252288
鐵路大眾捷運系統運輸業,鐵路大眾捷運系統運輸業,30718.0000000000,69890.0000000000,50444.0000000000,176.6000000000,162.7000000000,2022,7,11,tsic11_2021_2024,0.0037594799,310.0430239705,395.7531143828,52828.6729698226,73193.9567413547,324.6998953277,414.4618162025,95.4860252288
住宿業,住宿業,84462.0000000000,37368.0000000000,34709.0000000000,157.4000000000,155.3000000000,2022,8,11,tsic11_2021_2024,0.0103370400,223.4964584675,237.4078780178,36349.8217847429,39134.5224711825,234.0619561155,248.6310195120,95.4860252288
其他餐飲業,其他餐飲業,79487.0000000000,40613.0000000000,37922.0000000000,152.5000000000,149.8000000000,2022,8,11,tsic11_2021_2024,0.0097281653,253.1508678238,266.3147540984,39714.7120839270,42532.9255277814,265.1182382105,278.9044296904,95.4860252288
餐館,餐館,321514.0000000000,34649.0000000000,32297.0000000000,159.2000000000,154.2000000000,2022,8,11,tsic11_2021_2024,0.0393490928,209.4487678340,217.6444723618,33823.7976945991,36286.9853645901,219.3501796018,227.9333251545,95.4860252288
出版業,出版業,31115.0000000000,62486.0000000000,54958.0000000000,164.4000000000,162.1000000000,2022,9,11,tsic11_2021_2024,0.0038080675,339.0376310919,380.0851581509,57556.0663126538,65439.9424944955,355.0651839152,398.0531781904,95.4860252288
廣播電視節目編排及傳播業,廣播、電視節目編排及傳播業,15855.0000000000,52541.0000000000,44563.0000000000,160.3000000000,159.6000000000,2022,9,11,tsic11_2021_2024,0.0019404439,279.2167919799,327.7666874610,46669.6565211760,55024.8058541640,292.4163942430,343.2614214234,95.4860252288
影片及電視節目業;聲音錄製及音樂發行業,影片及電視節目業；聲音錄製及音樂發行業,19961.0000000000,43522.0000000000,39561.0000000000,150.4000000000,149.7000000000,2022,9,11,tsic11_2021_2024,0.0024429644,264.2685370741,289.3750000000,41431.1936277684,45579.4446315244,276.7614804794,303.0548180288,95.4860252288
資訊服務業,資訊服務業,30658.0000000000,98440.0000000000,85160.0000000000,161.5000000000,159.9000000000,2022,9,11,tsic11_2021_2024,0.0037521367,532.5828642902,609.5356037152,89185.8256702500,103093.6199974097,557.7600104456,638.3505882193,95.4860252288
電信業,電信業,49946.0000000000,98967.0000000000,66917.0000000000,165.8000000000,161.4000000000,2022,9,11,tsic11_2021_2024,0.0061127347,414.6034696406,596.9059107358,70080.4121227820,103645.5332210854,434.2032969193,625.1238433117,95.4860252288
電腦程式設計諮詢及相關服務業,電腦程式設計、諮詢及相關服務業,93726.0000000000,79879.0000000000,67108.0000000000,163.2000000000,161.6000000000,2022,9,11,tsic11_2021_2024,0.0114708320,415.2722772277,489.4546568627,70280.4413936019,83655.1734231317,434.9037214951,512.5929744064,95.4860252288
不動產經營及相關服務業,不動產經營及相關服務業,79656.0000000000,51450.0000000000,37978.0000000000,170.2000000000,166.7000000000,2022,10,11,tsic11_2021_2024,0.0097488487,227.8224355129,302.2914218566,39773.3594094029,53882.2302810517,238.5924379688,316.5818465397,95.4860252288
不動產開發業,不動產開發業,47605.0000000000,66821.0000000000,52451.0000000000,164.3000000000,162.4000000000,2022,10,11,tsic11_2021_2024,0.0058262270,322.9741379310,406.7011564212,54930.5512239347,69979.8738505375,338.2423104922,425.9274123587,95.4860252288
人身保險業,人身保險業,113708.0000000000,86031.0000000000,68940.0000000000,165.6000000000,164.2000000000,2022,10,11,tsic11_2021_2024,0.0139163664,419.8538367844,519.5108695652,72199.0467556016,90098.0010361352,439.7018681827,544.0700545660,95.4860252288
信用合作社,信用合作社,3897.0000000000,83371.0000000000,48189.0000000000,164.8000000000,163.7000000000,2022,10,11,tsic11_2021_2024,0.0004769416,294.3738546121,505.8919902913,50467.0708457454,87312.2530760264,308.2899868402,529.8073608982,95.4860252288
其他保險輔助業,其他保險輔助業,1100.0000000000,132544.0000000000,88510.0000000000,169.3000000000,166.3000000000,2022,10,11,tsic11_2021_2024,0.0001346256,532.2309079976,782.8942705257,92694.1924621163,138809.8412122782,557.3914158877,819.9045552999,95.4860252288
其他金融服務業,其他金融服務業,41899.0000000000,127305.0000000000,61757.0000000000,158.9000000000,157.2000000000,2022,10,11,tsic11_2021_2024,0.0051278875,392.8562340967,801.1642542480,64676.4799896387,133323.1744592669,411.4279897560,839.0382281892,95.4860252288
證券期貨及金融輔助業,證券期貨及金融輔助業,53765.0000000000,97838.0000000000,57281.0000000000,163.6000000000,162.3000000000,2022,10,11,tsic11_2021_2024,0.0065801302,352.9328404190,598.0317848411,59988.8830462375,102463.1612485429,369.6172707716,626.3029416170,95.4860252288
財產保險業,財產保險業,17739.0000000000,69624.0000000000,48473.0000000000,166.3000000000,163.0000000000,2022,10,11,tsic11_2021_2024,0.0021710207,297.3803680982,418.6650631389,50764.4965678021,72915.3819453439,311.4386292503,438.4568968451,95.4860252288
農會及漁會信用部,農會及漁會信用部,10602.0000000000,67998.0000000000,51492.0000000000,165.5000000000,164.7000000000,2022,10,11,tsic11_2021_2024,0.0012975456,312.6411657559,410.8640483384,53926.2157751587,71212.5149592022,327.4208608085,430.2870994514,95.4860252288
銀行業,銀行業,155672.0000000000,110427.0000000000,70250.0000000000,169.7000000000,163.1000000000,2022,10,11,tsic11_2021_2024,0.0190522091,430.7173513182,650.7189157336,73570.9752622717,115647.2894702759,451.0789409091,681.4807865072,95.4860252288
企業總管理機構及管理顧問業,企業總管理機構及管理顧問業,77657.0000000000,63101.0000000000,54041.0000000000,163.2000000000,161.4000000000,2022,11,11,tsic11_2021_2024,0.0095041973,334.8265179678,386.6482843137,56595.7163579847,66084.0158010620,350.6549960222,404.9265674085,95.4860252288
其他專業科學及技術服務業,其他專業、科學及技術服務業,20465.0000000000,57094.0000000000,48928.0000000000,161.1000000000,157.6000000000,2022,11,11,tsic11_2021_2024,0.0025046473,310.4568527919,354.4009931719,51241.0060872944,59793.0428700945,325.1332873559,371.1548284922,95.4860252288
專門設計業,專門設計業,27054.0000000000,72036.0000000000,63927.0000000000,164.6000000000,162.9000000000,2022,11,11,tsic11_2021_2024,0.0033110544,392.4309392265,437.6427703524,66949.0638518327,75441.4060354876,410.9825896368,458.3317499118,95.4860252288
廣告業及市場研究業,廣告業及市場研究業,35535.0000000000,53792.0000000000,47264.0000000000,156.8000000000,155.1000000000,2022,11,11,tsic11_2021_2024,0.0043490175,304.7324306899,343.0612244898,49498.3427017226,56334.9452143505,319.1382508170,359.2789873364,95.4860252288
建築工程服務及技術檢測,建築、工程服務及技術檢測、,74342.0000000000,73364.0000000000,58292.0000000000,166.1000000000,161.1000000000,2022,11,11,tsic11_2021_2024,0.0090984848,361.8373680944,441.6857314871,61047.6767258127,76832.1854682036,378.9427481428,462.5658366538,95.4860252288
會計服務業,會計服務業,28692.0000000000,66253.0000000000,53448.0000000000,172.4000000000,160.8000000000,2022,11,11,tsic11_2021_2024,0.0035115241,332.3880597015,384.2981438515,55974.6830721409,69385.0224064240,348.1012628864,402.4653271834,95.4860252288
法律服務業,法律服務業,11118.0000000000,63285.0000000000,48371.0000000000,161.8000000000,159.6000000000,2022,11,11,tsic11_2021_2024,0.0013606972,303.0764411028,391.1310259580,50657.6746535423,66276.7141561974,317.4039765260,409.6212246984,95.4860252288
研究發展服務業,研究發展服務業,32929.0000000000,86809.0000000000,69211.0000000000,157.0000000000,155.6000000000,2022,11,11,tsic11_2021_2024,0.0040300773,444.8007712082,552.9235668790,72482.8579199586,90912.7799507836,465.8281357324,579.0622926802,95.4860252288
人力仲介業,人力仲介業,22667.0000000000,38290.0000000000,35159.0000000000,160.8000000000,159.7000000000,2022,12,11,tsic11_2021_2024,0.0027741432,220.1565435191,238.1218905473,36821.0949358891,40100.1087941976,230.5641511327,249.3787860336,95.4860252288
人力供應業,人力供應業,127923.0000000000,39806.0000000000,36204.0000000000,166.5000000000,159.3000000000,2022,12,11,tsic11_2021_2024,0.0156560958,227.2693032015,239.0750750751,37915.4959202176,41687.7756767258,238.0131570635,250.3770310914,95.4860252288
保全及偵探業,保全及偵探業,97705.0000000000,37228.0000000000,33204.0000000000,212.9000000000,198.3000000000,2022,12,11,tsic11_2021_2024,0.0119578093,167.4432677761,174.8614372945,34773.6749125761,38987.9041574926,175.3589254290,183.1277790394,95.4860252288
學前教育,學前教育,71620.0000000000,37424.0000000000,33183.0000000000,159.6000000000,157.0000000000,2022,12,11,tsic11_2021_2024,0.0087653478,211.3566878981,234.4862155388,34751.6821655226,39193.1697966585,221.3482940479,245.5712393274,95.4860252288
建築物及綠化服務業,建築物及綠化服務業,95201.0000000000,34498.0000000000,32509.0000000000,170.8000000000,164.5000000000,2022,12,11,tsic11_2021_2024,0.0116513526,197.6231003040,201.9789227166,34045.8197124725,36128.8470405388,206.9654693767,211.5272074973,95.4860252288
教育輔助及其他教育業,教育輔助及其他教育業,73964.0000000000,27212.0000000000,25367.0000000000,133.0000000000,132.3000000000,2022,12,11,tsic11_2021_2024,0.0090522226,191.7384731670,204.6015037594,26566.1911669473,28498.4110866468,200.8026543231,214.2737675688,95.4860252288
旅行及相關服務業,旅行及相關服務業,20058.0000000000,41263.0000000000,39537.0000000000,149.2000000000,149.1000000000,2022,12,11,tsic11_2021_2024,0.0024548359,265.1710261569,276.5616621984,41406.0590597073,43213.6534127704,277.7066335326,289.6357467344,95.4860252288
租賃業,租賃業,20783.0000000000,44600.0000000000,36721.0000000000,166.8000000000,162.4000000000,2022,12,11,tsic11_2021_2024,0.0025435664,226.1145320197,267.3860911271,38456.9364072011,46708.4056469369,236.8037956108,280.0264127514,95.4860252288
行政支援服務業,行政支援服務業,21376.0000000000,46548.0000000000,42072.0000000000,161.4000000000,156.9000000000,2022,12,11,tsic11_2021_2024,0.0026161418,268.1453154876,288.4014869888,44060.8978111644,48748.4947545655,280.8215284332,302.0352834855,95.4860252288
創作及藝術表演業,創作及藝術表演業,9503.0000000000,42389.0000000000,39541.0000000000,151.2000000000,148.5000000000,2022,13,11,tsic11_2021_2024,0.0011630424,266.2693602694,280.3505291005,41410.2481543841,44392.8835643051,278.8568899285,293.6037272772,95.4860252288
社會工作服務業,社會工作服務業,60489.0000000000,32172.0000000000,28078.0000000000,156.9000000000,151.2000000000,2022,13,11,tsic11_2021_2024,0.0074030595,185.7010582011,205.0478011472,29405.3500841860,33692.8884859474,194.4798285991,214.7411630717,95.4860252288
運動娛樂及休閒服務業,運動、娛樂及休閒服務業,52116.0000000000,39430.0000000000,37409.0000000000,153.2000000000,150.7000000000,2022,13,11,tsic11_2021_2024,0.0063783142,248.2349037823,257.3759791123,39177.4606916203,41294.0007771014,259.9698785111,269.5430860124,95.4860252288
醫療保健業,醫療保健業,411637.0000000000,71594.0000000000,59212.0000000000,160.4000000000,157.1000000000,2022,13,11,tsic11_2021_2024,0.0503789648,376.9064290261,446.3466334165,62011.1685014894,74978.5110736951,394.7241788764,467.4470765193,95.4860252288
個人及家庭用品維修業,個人及家庭用品維修業,41487.0000000000,41270.0000000000,35375.0000000000,168.7000000000,166.2000000000,2022,14,11,tsic11_2021_2024,0.0050774642,212.8459687124,244.6354475400,37047.3060484393,43220.9843284549,222.9079786308,256.2002627650,95.4860252288
其他個人服務業,其他個人服務業,25478.0000000000,40928.0000000000,38234.0000000000,156.5000000000,154.6000000000,2022,14,11,tsic11_2021_2024,0.0031181727,247.3091849935,261.5207667732,40041.4614687217,42862.8167335837,259.0003975985,273.8838129941,95.4860252288
美髮及美容美體業,美髮及美容美體業,37408.0000000000,31165.0000000000,29814.0000000000,170.3000000000,169.2000000000,2022,14,11,tsic11_2021_2024,0.0045782481,176.2056737589,183.0005871991,31223.4171739412,32638.2839010491,184.5355624937,191.6516964242,95.4860252288
石油及天然氣礦業,石油及天然氣礦業,1333.0000000000,92647.0000000000,61654.0000000000,177.2000000000,165.6000000000,2023,1,11,tsic11_2021_2024,0.0001582563,372.3067632850,522.8386004515,62998.4433439956,94667.2848556648,380.4253825121,534.2397565218,97.8659102152
砂石採取及其他礦業,砂、石採取及其他礦業,1772.0000000000,38520.0000000000,33189.0000000000,161.0000000000,156.6000000000,2023,1,11,tsic11_2021_2024,0.0002103753,211.9348659004,239.2546583851,33912.7280653951,39359.9772538799,216.5563733422,244.4719084092,97.8659102152
其他化學製品製造業,其他化學製品製造業,52488.0000000000,60009.0000000000,46890.0000000000,169.5000000000,160.9000000000,2023,2,11,tsic11_2021_2024,0.0062314764,291.4232442511,354.0353982301,47912.4956758678,61317.5720412273,297.7780961831,361.7555872639,97.8659102152
其他製造業,其他製造業,85366.0000000000,47470.0000000000,38623.0000000000,168.9000000000,158.6000000000,2023,2,11,tsic11_2021_2024,0.0101348159,243.5245901639,281.0538780343,39465.2232989772,48505.1433084548,248.8349514437,287.1826128387,97.8659102152
其他運輸工具及其零件製造業,其他運輸工具及其零件製造業,77310.0000000000,52454.0000000000,40967.0000000000,173.7000000000,156.1000000000,2023,2,11,tsic11_2021_2024,0.0091783920,262.4407431134,301.9804260219,41860.3371796391,53597.8257236504,268.1635950009,308.5654906370,97.8659102152
化學材料及肥料製造業,化學材料及肥料製造業,67422.0000000000,78682.0000000000,55886.0000000000,176.1000000000,161.8000000000,2023,2,11,tsic11_2021_2024,0.0080044696,345.4017305315,446.8029528677,57104.6648185444,80397.7603917387,352.9336515361,456.5460556033,97.8659102152
印刷及資料儲存媒體複製業,印刷及資料儲存媒體複製業,55113.0000000000,41821.0000000000,34698.0000000000,171.6000000000,160.1000000000,2023,2,11,tsic11_2021_2024,0.0065431215,216.7270455965,243.7121212121,35454.6337163843,42732.9597283102,221.4530525695,249.0265718433,97.8659102152
基本金屬製造業,基本金屬製造業,111609.0000000000,59953.0000000000,43821.0000000000,179.1000000000,159.2000000000,2023,2,11,tsic11_2021_2024,0.0132504354,275.2575376884,334.7459519821,44776.5722544722,61260.3508904948,281.2598759703,342.0455102764,97.8659102152
塑膠製品製造業,塑膠製品製造業,136149.0000000000,46151.0000000000,37670.0000000000,178.2000000000,159.8000000000,2023,2,11,tsic11_2021_2024,0.0161638714,235.7321652065,258.9842873176,38491.4419302610,47157.3808474509,240.8726028177,264.6317668207,97.8659102152
家具製造業,家具製造業,31491.0000000000,36836.0000000000,30523.0000000000,171.4000000000,156.2000000000,2023,2,11,tsic11_2021_2024,0.0037386721,195.4097311140,214.9124854142,31188.5925680212,37639.2555068515,199.6708871192,219.5989236106,97.8659102152
成衣及服飾品製造業,成衣及服飾品製造業,32592.0000000000,41379.0000000000,33771.0000000000,170.8000000000,163.0000000000,2023,2,11,tsic11_2021_2024,0.0038693850,207.1840490798,242.2658079625,34507.4193105082,42281.3213600284,211.7019589602,247.5487199065,97.8659102152
木竹製品製造業,木竹製品製造業,14578.0000000000,38905.0000000000,34045.0000000000,175.2000000000,162.6000000000,2023,2,11,tsic11_2021_2024,0.0017307282,209.3788437884,222.0605022831,34787.3942265924,39753.3726651661,213.9446139397,226.9028120158,97.8659102152
機械設備製造業,機械設備製造業,242931.0000000000,46629.0000000000,35777.0000000000,167.2000000000,156.9000000000,2023,2,11,tsic11_2021_2024,0.0288412360,228.0242192479,278.8815789474,36557.1626742487,47645.8042412036,232.9965753617,284.9629440263,97.8659102152
橡膠製品製造業,橡膠製品製造業,39824.0000000000,44333.0000000000,35616.0000000000,178.4000000000,159.9000000000,2023,2,11,tsic11_2021_2024,0.0047279820,222.7392120075,248.5033632287,36392.6518658927,45299.7370611697,227.5963218630,253.9222929438,97.8659102152
汽車及其零件製造業,汽車及其零件製造業,82860.0000000000,50621.0000000000,39304.0000000000,173.6000000000,156.0000000000,2023,2,11,tsic11_2021_2024,0.0098372987,251.9487179487,291.5956221198,40161.0733641354,51724.8548434230,257.4427779752,297.9542329690,97.8659102152
產業用機械設備維修及安裝業,產業用機械設備維修及安裝業,51879.0000000000,68389.0000000000,51054.0000000000,170.0000000000,159.8000000000,2023,2,11,tsic11_2021_2024,0.0061591748,319.4868585732,402.2882352941,52167.2969553370,69880.3085258461,326.4536730622,411.0606383873,97.8659102152
皮革毛皮及其製品製造業,皮革、毛皮及其製品製造業,17961.0000000000,45997.0000000000,38037.0000000000,167.9000000000,159.4000000000,2023,2,11,tsic11_2021_2024,0.0021323645,238.6260978670,273.9547349613,38866.4448288117,47000.0226829365,243.8296413351,279.9286639841,97.8659102152
石油及煤製品製造業,石油及煤製品製造業,11315.0000000000,97591.0000000000,65355.0000000000,178.2000000000,161.1000000000,2023,2,11,tsic11_2021_2024,0.0013433386,405.6797020484,547.6487093154,66780.1483236583,99719.0950203372,414.5260603579,559.5908811467,97.8659102152
紙漿紙及紙製品製造業,紙漿、紙及紙製品製造業,49269.0000000000,43985.0000000000,35925.0000000000,173.4000000000,159.7000000000,2023,2,11,tsic11_2021_2024,0.0058493105,224.9530369443,253.6620530565,36708.3900011847,44944.1484816175,229.8584220487,259.1934745191,97.8659102152
紡織業,紡織業,90228.0000000000,41835.0000000000,36528.0000000000,171.2000000000,161.3000000000,2023,2,11,tsic11_2021_2024,0.0107120419,226.4600123993,244.3633177570,37324.5391778225,42747.2650159934,231.3982590070,249.6919685514,97.8659102152
藥品及醫用化學製品製造業,藥品及醫用化學製品製造業,34963.0000000000,57343.0000000000,43684.0000000000,172.3000000000,160.4000000000,2023,2,11,tsic11_2021_2024,0.0041508747,272.3441396509,332.8090539756,44636.5847964301,58593.4365438534,278.2829476087,340.0663757624,97.8659102152
金屬製品製造業,金屬製品製造業,363933.0000000000,41032.0000000000,34417.0000000000,167.8000000000,157.1000000000,2023,2,11,tsic11_2021_2024,0.0432068264,219.0770210057,244.5292014303,35167.5061564586,41926.7545867393,223.8542721608,249.8614695276,97.8659102152
電力設備及配備製造業,電力設備及配備製造業,126925.0000000000,52110.0000000000,38971.0000000000,174.8000000000,158.0000000000,2023,2,11,tsic11_2021_2024,0.0150687804,246.6518987342,298.1121281465,39820.8118785294,53246.3243691506,252.0304549274,304.6128396404,97.8659102152
電子零組件製造業,電子零組件製造業,636024.0000000000,94690.0000000000,53618.0000000000,181.5000000000,160.3000000000,2023,2,11,tsic11_2021_2024,0.0755099938,334.4853399875,521.7079889807,54787.2082138767,96754.8350511393,341.7792153080,533.0844906399,97.8659102152
電腦電子產品及光學製品製造業,電腦、電子產品及光學製品製造業,246296.0000000000,89313.0000000000,50917.0000000000,172.9000000000,160.3000000000,2023,2,11,tsic11_2021_2024,0.0292407353,317.6356830942,516.5587044534,52027.3094972949,91260.5827745528,324.5621303637,527.8229194595,97.8659102152
非金屬礦物製品製造業,非金屬礦物製品製造業,68969.0000000000,49472.0000000000,37575.0000000000,176.8000000000,161.2000000000,2023,2,11,tsic11_2021_2024,0.0081881325,233.0955334988,279.8190045249,38394.3703352683,50550.7994471429,238.1784760252,285.9208113526,97.8659102152
食品及飼品製造業,食品及飼品製造業,146772.0000000000,46526.0000000000,38229.0000000000,177.7000000000,160.1000000000,2023,2,11,tsic11_2021_2024,0.0174250544,238.7820112430,261.8232976927,39062.6316313233,47540.5581961063,243.9889545991,267.5326854030,97.8659102152
飲料及菸草製造業,飲料及菸草製造業,14462.0000000000,60889.0000000000,46128.0000000000,175.9000000000,163.5000000000,2023,2,11,tsic11_2021_2024,0.0017169565,282.1284403670,346.1569073337,47133.8793034001,62216.7615527386,288.2806073602,353.7052959223,97.8659102152
氣體燃料供應業,氣體燃料供應業,5806.0000000000,76491.0000000000,51032.0000000000,169.4000000000,163.4000000000,2023,3,11,tsic11_2021_2024,0.0006892995,312.3133414933,451.5407319953,52144.8172175493,78158.9828693283,319.1237283816,461.3871479890,97.8659102152
電力供應業,電力供應業,30128.0000000000,100470.0000000000,68762.0000000000,179.7000000000,166.2000000000,2023,3,11,tsic11_2021_2024,0.0035768542,413.7304452467,559.0984974958,70261.4422619753,102660.8752517474,422.7523601804,571.2903464204,97.8659102152
廢棄物清除業,廢棄物清除業,12857.0000000000,37687.0000000000,32886.0000000000,171.9000000000,165.4000000000,2023,4,11,tsic11_2021_2024,0.0015264078,198.8270858525,219.2379290285,33603.1207676816,38508.8126367334,203.1627615942,224.0186889862,97.8659102152
廢棄物處理業,廢棄物處理業,7375.0000000000,43243.0000000000,35257.0000000000,169.9000000000,161.7000000000,2023,4,11,tsic11_2021_2024,0.0008755742,218.0395794682,254.5203060624,36025.8234174466,44185.9682344114,222.7942079001,260.0704428158,97.8659102152
廢水及污水處理業,廢水及污水處理業,3704.0000000000,39703.0000000000,34516.0000000000,168.8000000000,165.1000000000,2023,4,11,tsic11_2021_2024,0.0004397460,209.0611750454,235.2073459716,35268.6649765036,40568.7740631047,213.6200180285,240.3363392364,97.8659102152
用水供應業,用水供應業,6330.0000000000,79967.0000000000,57184.0000000000,165.9000000000,163.6000000000,2023,4,11,tsic11_2021_2024,0.0007515098,349.5354523227,482.0192887281,58430.9693480235,81710.7814397978,357.1575143522,492.5303281483,97.8659102152
資源物回收處理及污染整治業,資源物回收處理及污染整治業,9057.0000000000,40305.0000000000,34944.0000000000,165.3000000000,159.0000000000,2023,4,11,tsic11_2021_2024,0.0010752645,219.7735849057,243.8294010889,35705.9980571022,41183.9014334794,224.5660255164,249.1464091560,97.8659102152
其他專門營造業,其他專門營造業,168016.0000000000,44826.0000000000,41290.0000000000,164.0000000000,161.0000000000,2023,5,11,tsic11_2021_2024,0.0199471830,256.4596273292,273.3292682927,42190.3806026142,45803.4875488686,262.0520534324,279.2895582248,97.8659102152
土木工程業,土木工程業,84638.0000000000,50865.0000000000,42163.0000000000,168.9000000000,164.0000000000,2023,5,11,tsic11_2021_2024,0.0100483863,257.0914634146,301.1545293073,43082.4174702839,51974.1755716147,262.6976675017,307.7215842014,97.8659102152
建築工程業,建築工程業,88218.0000000000,60446.0000000000,48345.0000000000,167.6000000000,161.3000000000,2023,5,11,tsic11_2021_2024,0.0104734108,299.7210167390,360.6563245823,49399.2237886506,61764.1013781937,306.2568120809,368.5208912780,97.8659102152
機電管道及其他建築設備安裝業,機電、管道及其他建築設備安裝業,144504.0000000000,47376.0000000000,40352.0000000000,165.8000000000,161.6000000000,2023,5,11,tsic11_2021_2024,0.0171557931,249.7029702970,285.7418576598,41231.9263278443,48409.0935197252,255.1480589594,291.9728197812,97.8659102152
批發業,批發業,1049183.0000000000,53846.0000000000,46806.0000000000,163.0000000000,160.6000000000,2023,6,11,tsic11_2021_2024,0.1245610257,291.4445828144,330.3435582822,47826.6639497690,55020.1800418592,297.7999000608,337.5471168212,97.8659102152
零售業,零售業,654047.0000000000,46849.0000000000,40310.0000000000,163.6000000000,158.7000000000,2023,6,11,tsic11_2021_2024,0.0776497190,254.0012602394,286.3630806846,41189.0104647948,47870.6016190815,259.5400785431,292.6075893587,97.8659102152
倉儲業,倉儲業,17175.0000000000,60393.0000000000,46359.0000000000,170.4000000000,159.6000000000,2023,7,11,tsic11_2021_2024,0.0020390491,290.4699248120,354.4190140845,47369.9165501718,61709.9456462504,296.8039884096,362.1475683465,97.8659102152
公共汽車客運業,公共汽車客運業,19152.0000000000,59631.0000000000,48761.0000000000,198.4000000000,166.7000000000,2023,7,11,tsic11_2021_2024,0.0022737623,292.5074985003,300.5594758065,49824.2951940923,60931.3292737827,298.8859939658,307.1135548074,97.8659102152
其他汽車客運業,其他汽車客運業,10697.0000000000,33959.0000000000,32187.0000000000,164.7000000000,162.6000000000,2023,7,11,tsic11_2021_2024,0.0012699684,197.9520295203,206.1870066788,32888.8781897879,34699.5188879675,202.2686235534,210.6831747903,97.8659102152
其他運輸輔助業,其他運輸輔助業,70696.0000000000,50626.0000000000,41773.0000000000,166.0000000000,160.9000000000,2023,7,11,tsic11_2021_2024,0.0083931652,259.6208825357,304.9759036145,42683.9130276823,51729.9638747384,265.2822438016,311.6262884020,97.8659102152
汽車貨運業,汽車貨運業,71490.0000000000,39888.0000000000,34750.0000000000,168.3000000000,162.0000000000,2023,7,11,tsic11_2021_2024,0.0084874304,214.5061728395,237.0053475936,35507.7676420645,40757.8082217747,219.1837508769,242.1735485548,97.8659102152
海洋水運業,海洋水運業,8698.0000000000,141656.0000000000,81451.0000000000,165.9000000000,162.9000000000,2023,7,11,tsic11_2021_2024,0.0010326433,500.0061387354,853.8637733574,83227.1419342100,144744.9880030012,510.9094041388,872.4833514346,97.8659102152
港埠業,港埠業,2115.0000000000,96111.0000000000,66051.0000000000,167.9000000000,161.2000000000,2023,7,11,tsic11_2021_2024,0.0002510969,409.7456575682,572.4300178678,67491.3254827627,98206.8217509774,418.6806791735,584.9125774329,97.8659102152
航空運輸業,航空運輸業,23602.0000000000,104715.0000000000,80731.0000000000,166.1000000000,162.2000000000,2023,7,11,tsic11_2021_2024,0.0028020749,497.7250308261,630.4334738110,82491.4414247917,106998.4428385262,508.5785537903,644.1808719959,97.8659102152
遞送服務業,遞送服務業,16934.0000000000,67070.0000000000,53824.0000000000,187.0000000000,170.0000000000,2023,7,11,tsic11_2021_2024,0.0020104371,316.6117647059,358.6631016043,54997.7003040714,68532.5460648422,323.5158841416,366.4842035553,97.8659102152
郵政業,郵政業,25508.0000000000,82431.0000000000,57132.0000000000,163.5000000000,161.8000000000,2023,7,11,tsic11_2021_2024,0.0030283589,353.1025957973,504.1651376147,58377.8354223433,84228.5120720294,360.8024438958,515.1590952418,97.8659102152
鐵路及捷運運輸業,鐵路及捷運運輸業,30659.0000000000,73896.0000000000,52348.0000000000,176.8000000000,160.5000000000,2023,7,11,tsic11_2021_2024,0.0036398955,326.1557632399,417.9638009050,53489.5142597638,75507.3956166331,333.2680016185,427.0780295058,97.8659102152
住宿業,住宿業,88535.0000000000,39976.0000000000,35594.0000000000,163.5000000000,159.6000000000,2023,8,11,tsic11_2021_2024,0.0105110457,223.0200501253,244.5015290520,36370.1721281049,40847.7271729258,227.8832840107,249.8331937182,97.8659102152
其他餐飲業,其他餐飲業,80997.0000000000,42519.0000000000,38068.0000000000,162.2000000000,157.3000000000,2023,8,11,tsic11_2021_2024,0.0096161198,242.0089001907,262.1393341554,38898.1208229673,43446.1804999408,247.2862099362,267.8556134398,97.8659102152
餐館,餐館,348411.0000000000,35945.0000000000,32621.0000000000,160.0000000000,154.4000000000,2023,8,11,tsic11_2021_2024,0.0413640247,211.2759067358,224.6562500000,33332.3421079651,36728.8261264463,215.8830447407,229.5551632903,97.8659102152
出版業,出版業,35979.0000000000,64003.0000000000,56263.0000000000,165.1000000000,161.3000000000,2023,9,11,tsic11_2021_2024,0.0042714961,348.8096714197,387.6620230164,57489.8857797259,65398.6662559728,356.4159068799,396.1154830768,97.8659102152
廣播電視節目編排及傳播業,廣播、電視節目編排及傳播業,16874.0000000000,52669.0000000000,45063.0000000000,163.4000000000,162.2000000000,2023,9,11,tsic11_2021_2024,0.0020033138,277.8236744760,322.3317013464,46045.6556332188,53817.5140702128,283.8819706117,329.3605512253,97.8659102152
影片及電視節目業;聲音錄製及音樂發行業,影片及電視節目業；聲音錄製及音樂發行業,20559.0000000000,44763.0000000000,41013.0000000000,151.7000000000,151.0000000000,2023,9,11,tsic11_2021_2024,0.0024408041,271.6092715232,295.0758075148,41907.3402677408,45739.1137542945,277.5320547533,301.5103082023,97.8659102152
資訊服務業,資訊服務業,41390.0000000000,93076.0000000000,79449.0000000000,162.3000000000,160.7000000000,2023,9,11,tsic11_2021_2024,0.0049139005,494.3932794026,573.4812076402,81181.4857955219,95105.6397425266,505.1741493187,585.9866897260,97.8659102152
電信業,電信業,41625.0000000000,100569.0000000000,67839.0000000000,165.4000000000,160.1000000000,2023,9,11,tsic11_2021_2024,0.0049418001,423.7289194254,608.0350665054,69318.3150811515,102762.0340717924,432.9688637174,621.2940391281,97.8659102152
電腦程式設計諮詢及相關服務業,電腦程式設計、諮詢及相關服務業,121803.0000000000,83978.0000000000,70307.0000000000,161.8000000000,160.2000000000,2023,9,11,tsic11_2021_2024,0.0144606867,438.8701622971,519.0234857849,71840.1329384354,85809.2463610157,448.4402805146,530.3414484612,97.8659102152
不動產經營及相關服務業,不動產經營及相關服務業,87478.0000000000,48490.0000000000,37816.0000000000,172.4000000000,168.3000000000,2023,10,11,tsic11_2021_2024,0.0103855566,224.6939988116,281.2645011601,38640.6256446709,49547.3856967974,229.5937352625,287.3978288677,97.8659102152
不動產開發業,不動產開發業,47621.0000000000,67915.0000000000,53921.0000000000,165.7000000000,162.9000000000,2023,10,11,tsic11_2021_2024,0.0056536568,331.0067526090,409.8672299336,55096.8155115903,69395.9723571457,338.2247729379,418.8049025778,97.8659102152
人身保險業,人身保險業,108595.0000000000,85045.0000000000,68484.0000000000,162.7000000000,161.1000000000,2023,10,11,tsic11_2021_2024,0.0128926075,425.1024208566,522.7105101414,69977.3801208388,86899.5136437231,434.3723160822,534.1088730407,97.8659102152
信用合作社,信用合作社,3933.0000000000,84302.0000000000,48854.0000000000,164.0000000000,163.0000000000,2023,10,11,tsic11_2021_2024,0.0004669333,299.7177914110,514.0365853659,49919.3231765589,86140.3115902539,306.2535164206,525.2458023796,97.8659102152
其他保險輔助業,其他保險輔助業,1051.0000000000,109746.0000000000,87415.0000000000,168.3000000000,165.3000000000,2023,10,11,tsic11_2021_2024,0.0001247767,528.8263762855,652.0855614973,89321.1944872250,112139.1501480867,540.3581033710,666.3051108027,97.8659102152
其他金融服務業,其他金融服務業,43636.0000000000,115551.0000000000,61746.0000000000,162.9000000000,161.1000000000,2023,10,11,tsic11_2021_2024,0.0051805499,383.2774674115,709.3370165746,63092.4495201990,118070.7355052719,391.6353166989,724.8050061711,97.8659102152
證券期貨及金融輔助業,證券期貨及金融輔助業,57628.0000000000,83807.0000000000,56696.0000000000,163.3000000000,161.8000000000,2023,10,11,tsic11_2021_2024,0.0068417071,350.4079110012,513.2088181261,57932.3278916400,85634.5174900288,358.0489980942,524.3999846297,97.8659102152
財產保險業,財產保險業,17744.0000000000,67229.0000000000,49440.0000000000,164.1000000000,161.2000000000,2023,10,11,tsic11_2021_2024,0.0021066018,306.6997518610,409.6831200488,50518.1016467243,68695.0132606721,313.3877273370,418.6167779444,97.8659102152
農會及漁會信用部,農會及漁會信用部,10549.0000000000,69748.0000000000,52664.0000000000,164.2000000000,163.3000000000,2023,10,11,tsic11_2021_2024,0.0012523976,322.4984690753,424.7746650426,53812.4050388974,71268.9432373731,329.5309555352,434.0374131387,97.8659102152
銀行業,銀行業,157918.0000000000,113463.0000000000,71945.0000000000,169.7000000000,162.5000000000,2023,10,11,tsic11_2021_2024,0.0187483290,442.7384615385,668.6093105480,73513.8515973621,115937.2040279588,452.3929329068,683.1891810722,97.8659102152
企業總管理機構及管理顧問業,企業總管理機構及管理顧問業,91746.0000000000,65577.0000000000,55150.0000000000,165.3000000000,162.9000000000,2023,11,11,tsic11_2021_2024,0.0108922618,338.5512584408,396.7150635209,56352.6154089168,67006.9893140623,345.9337962487,405.3659365642,97.8659102152
其他專業科學及技術服務業,其他專業、科學及技術服務業,22436.0000000000,55189.0000000000,48653.0000000000,162.0000000000,159.4000000000,2023,11,11,tsic11_2021_2024,0.0026636451,305.2258469260,340.6728395062,49713.9401176796,56392.4658531770,311.8816820432,348.1016410690,97.8659102152
專門設計業,專門設計業,23047.0000000000,68819.0000000000,62061.0000000000,162.8000000000,160.5000000000,2023,11,11,tsic11_2021_2024,0.0027361842,386.6728971963,422.7211302211,63414.3184930695,70319.6852189709,395.1047881188,431.9390983966,97.8659102152
廣告業及市場研究業,廣告業及市場研究業,44026.0000000000,51683.0000000000,46657.0000000000,162.4000000000,160.2000000000,2023,11,11,tsic11_2021_2024,0.0052268515,291.2421972534,318.2450738916,47674.4148165699,52810.0130948150,297.5931012270,325.1848096971,97.8659102152
建築工程服務及技術檢測,建築、工程服務及技術檢測、,77944.0000000000,69786.0000000000,57403.0000000000,164.3000000000,159.4000000000,2023,11,11,tsic11_2021_2024,0.0092536617,360.1191969887,424.7474132684,58654.7449196383,71307.7718753702,367.9720509388,434.0095671051,97.8659102152
會計服務業,會計服務業,29979.0000000000,68206.0000000000,54576.0000000000,168.8000000000,159.6000000000,2023,11,11,tsic11_2021_2024,0.0035591646,341.9548872180,404.0639810427,55766.0986139083,69693.3179797022,349.4116454506,412.8751065148,97.8659102152
法律服務業,法律服務業,17255.0000000000,64675.0000000000,49443.0000000000,162.3000000000,160.4000000000,2023,11,11,tsic11_2021_2024,0.0020485468,308.2481296758,398.4904497843,50521.1670655136,66085.3200647633,314.9698694857,407.1800373676,97.8659102152
研究發展服務業,研究發展服務業,37034.0000000000,87528.0000000000,69903.0000000000,159.8000000000,158.3000000000,2023,11,11,tsic11_2021_2024,0.0043967478,441.5855969678,547.7346683354,71427.3232081507,89436.6585949532,451.2149286680,559.6787146117,97.8659102152
人力仲介業,人力仲介業,21144.0000000000,38203.0000000000,35602.0000000000,163.0000000000,162.1000000000,2023,12,11,tsic11_2021_2024,0.0025102564,219.6298581123,234.3742331288,36378.3465782095,39036.0646684832,224.4191645787,239.4850593158,97.8659102152
人力供應業,人力供應業,121847.0000000000,39677.0000000000,36139.0000000000,167.3000000000,161.3000000000,2023,12,11,tsic11_2021_2024,0.0144659104,224.0483570986,237.1607890018,36927.0565414840,40542.2071002646,228.9340145163,242.3323795593,97.8659102152
保全及偵探業,保全及偵探業,104920.0000000000,38547.0000000000,34101.0000000000,211.4000000000,195.6000000000,2023,12,11,tsic11_2021_2024,0.0124563044,174.3404907975,182.3415326395,34844.6153773250,39387.5660229831,178.1422054055,186.3177200709,97.8659102152
學前教育,學前教育,80552.0000000000,38572.0000000000,33943.0000000000,157.7000000000,155.3000000000,2023,12,11,tsic11_2021_2024,0.0095632885,218.5640695428,244.5909955612,34683.1699877582,39413.1111795601,223.3301351433,249.9246111576,97.8659102152
建築物及綠化服務業,建築物及綠化服務業,114783.0000000000,35538.0000000000,33941.0000000000,167.1000000000,162.7000000000,2023,12,11,tsic11_2021_2024,0.0136272587,208.6109403811,212.6750448833,34681.1263752320,36312.9509773723,213.1599654286,217.3126928628,97.8659102152
教育輔助及其他教育業,教育輔助及其他教育業,77605.0000000000,28098.0000000000,25950.0000000000,133.2000000000,132.5000000000,2023,12,11,tsic11_2021_2024,0.0092134150,195.8490566038,210.9459459459,26515.8725269518,28710.7123800498,200.1197926562,215.5458887391,97.8659102152
旅行及其他相關服務業,旅行及其他相關服務業,24077.0000000000,43577.0000000000,40623.0000000000,160.0000000000,159.5000000000,2023,12,11,tsic11_2021_2024,0.0028584678,254.6896551724,272.3562500000,41508.8358251392,44527.2515262805,260.2434847971,278.2953220393,97.8659102152
租賃業,租賃業,19419.0000000000,43642.0000000000,36104.0000000000,166.2000000000,162.3000000000,2023,12,11,tsic11_2021_2024,0.0023054611,222.4522489217,262.5872442840,36891.2933222762,44593.6689333807,227.3031011847,268.3132908146,97.8659102152
行政支援服務業,行政支援服務業,29577.0000000000,47896.0000000000,42811.0000000000,167.0000000000,161.0000000000,2023,12,11,tsic11_2021_2024,0.0035114384,265.9068322981,286.8023952096,43744.5479287604,48940.4327765273,271.7052666383,293.0564836918,97.8659102152
創作及藝術表演業,創作及藝術表演業,16729.0000000000,44360.0000000000,40181.0000000000,153.6000000000,151.3000000000,2023,13,11,tsic11_2021_2024,0.0019860991,265.5717118308,288.8020833333,41057.1974568574,45327.3258302729,271.3628384459,295.0997775408,97.8659102152
社會工作服務業,社會工作服務業,96560.0000000000,35849.0000000000,30135.0000000000,169.3000000000,162.5000000000,2023,13,11,tsic11_2021_2024,0.0114637891,185.4461538462,211.7483756645,30792.1317379457,36630.7327251905,189.4900414643,216.3658164512,97.8659102152
運動娛樂及休閒服務業,運動、娛樂及休閒服務業,65922.0000000000,40784.0000000000,37632.0000000000,165.0000000000,161.3000000000,2023,13,11,tsic11_2021_2024,0.0078263868,233.3044017359,247.1757575758,38452.6132922640,41673.3466334952,238.3918988981,252.5657371727,97.8659102152
醫療保健業,醫療保健業,405894.0000000000,76288.0000000000,59720.0000000000,165.1000000000,161.3000000000,2023,13,11,tsic11_2021_2024,0.0481885171,370.2417854929,462.0714718353,61022.2700311969,77951.5561979228,378.3153752709,472.1475239123,97.8659102152
個人及家庭用品維修業,個人及家庭用品維修業,41048.0000000000,43394.0000000000,36368.0000000000,167.3000000000,164.6000000000,2023,14,11,tsic11_2021_2024,0.0048732976,220.9477521264,259.3783622236,37161.0501757296,44340.2609801366,225.7657969364,265.0344350277,97.8659102152
其他個人服務業,其他個人服務業,36615.0000000000,42735.0000000000,39339.0000000000,165.4000000000,163.1000000000,2023,14,11,tsic11_2021_2024,0.0043470033,241.1955855303,258.3736396614,40196.8365833432,43666.8906527663,246.4551599224,264.0078032211,97.8659102152
美髮及美容美體業,美髮及美容美體業,38136.0000000000,32502.0000000000,30824.0000000000,173.2000000000,172.3000000000,2023,14,11,tsic11_2021_2024,0.0045275793,178.8972721997,187.6558891455,31496.1562532085,33210.7471626585,182.7983531817,191.7479628329,97.8659102152
石油及天然氣礦業,石油及天然氣礦業,1339.0000000000,95042.0000000000,63391.0000000000,176.1000000000,165.5000000000,2024,1,11,tsic11_2021_2024,0.0001583273,383.0271903323,539.7047132311,63391.0000000000,95042.0000000000,383.0271903323,539.7047132311,100.0000000000
砂石採取及其他礦業,砂、石採取及其他礦業,1699.0000000000,39305.0000000000,33961.0000000000,159.2000000000,155.0000000000,2024,1,11,tsic11_2021_2024,0.0002008948,219.1032258065,246.8907035176,33961.0000000000,39305.0000000000,219.1032258065,246.8907035176,100.0000000000
其他化學製品製造業,其他化學製品製造業,53614.0000000000,62609.0000000000,48421.0000000000,172.4000000000,161.5000000000,2024,2,11,tsic11_2021_2024,0.0063394789,299.8204334365,363.1612529002,48421.0000000000,62609.0000000000,299.8204334365,363.1612529002,100.0000000000
其他製造業,其他製造業,83108.0000000000,48884.0000000000,39722.0000000000,169.8000000000,160.0000000000,2024,2,11,tsic11_2021_2024,0.0098269372,248.2625000000,287.8916372203,39722.0000000000,48884.0000000000,248.2625000000,287.8916372203,100.0000000000
其他運輸工具及其零件製造業,其他運輸工具及其零件製造業,74537.0000000000,53731.0000000000,41787.0000000000,176.2000000000,159.3000000000,2024,2,11,tsic11_2021_2024,0.0088134767,262.3163841808,304.9432463110,41787.0000000000,53731.0000000000,262.3163841808,304.9432463110,100.0000000000
化學材料及肥料製造業,化學材料及肥料製造業,65914.0000000000,78653.0000000000,56734.0000000000,174.2000000000,161.9000000000,2024,2,11,tsic11_2021_2024,0.0077938675,350.4261890056,451.5097588978,56734.0000000000,78653.0000000000,350.4261890056,451.5097588978,100.0000000000
印刷及資料儲存媒體複製業,印刷及資料儲存媒體複製業,54599.0000000000,42487.0000000000,35117.0000000000,170.4000000000,159.1000000000,2024,2,11,tsic11_2021_2024,0.0064559482,220.7228158391,249.3368544601,35117.0000000000,42487.0000000000,220.7228158391,249.3368544601,100.0000000000
基本金屬製造業,基本金屬製造業,111587.0000000000,59967.0000000000,45140.0000000000,181.5000000000,161.6000000000,2024,2,11,tsic11_2021_2024,0.0131943789,279.3316831683,330.3966942149,45140.0000000000,59967.0000000000,279.3316831683,330.3966942149,100.0000000000
塑膠製品製造業,塑膠製品製造業,132550.0000000000,47949.0000000000,38850.0000000000,179.3000000000,160.8000000000,2024,2,11,tsic11_2021_2024,0.0156731064,241.6044776119,267.4233128834,38850.0000000000,47949.0000000000,241.6044776119,267.4233128834,100.0000000000
家具製造業,家具製造業,31358.0000000000,36731.0000000000,31601.0000000000,166.0000000000,156.2000000000,2024,2,11,tsic11_2021_2024,0.0037078632,202.3111395647,221.2710843373,31601.0000000000,36731.0000000000,202.3111395647,221.2710843373,100.0000000000
成衣及服飾品製造業,成衣及服飾品製造業,31800.0000000000,42675.0000000000,34612.0000000000,172.8000000000,166.0000000000,2024,2,11,tsic11_2021_2024,0.0037601266,208.5060240964,246.9618055556,34612.0000000000,42675.0000000000,208.5060240964,246.9618055556,100.0000000000
木竹製品製造業,木竹製品製造業,14586.0000000000,40741.0000000000,35217.0000000000,172.7000000000,159.0000000000,2024,2,11,tsic11_2021_2024,0.0017246920,221.4905660377,235.9061957151,35217.0000000000,40741.0000000000,221.4905660377,235.9061957151,100.0000000000
機械設備製造業,機械設備製造業,240818.0000000000,48843.0000000000,36996.0000000000,170.1000000000,159.1000000000,2024,2,11,tsic11_2021_2024,0.0284750369,232.5329981144,287.1428571429,36996.0000000000,48843.0000000000,232.5329981144,287.1428571429,100.0000000000
橡膠製品製造業,橡膠製品製造業,38316.0000000000,44960.0000000000,36543.0000000000,176.5000000000,159.4000000000,2024,2,11,tsic11_2021_2024,0.0045305979,229.2534504391,254.7308781870,36543.0000000000,44960.0000000000,229.2534504391,254.7308781870,100.0000000000
汽車及其零件製造業,汽車及其零件製造業,82925.0000000000,52033.0000000000,40251.0000000000,172.7000000000,156.5000000000,2024,2,11,tsic11_2021_2024,0.0098052988,257.1948881789,301.2912565142,40251.0000000000,52033.0000000000,257.1948881789,301.2912565142,100.0000000000
產業用機械設備維修及安裝業,產業用機械設備維修及安裝業,52741.0000000000,73314.0000000000,53069.0000000000,171.9000000000,160.2000000000,2024,2,11,tsic11_2021_2024,0.0062362528,331.2671660424,426.4921465969,53069.0000000000,73314.0000000000,331.2671660424,426.4921465969,100.0000000000
皮革毛皮及其製品製造業,皮革、毛皮及其製品製造業,17292.0000000000,50043.0000000000,39578.0000000000,166.9000000000,158.7000000000,2024,2,11,tsic11_2021_2024,0.0020446575,249.3887838689,299.8382264829,39578.0000000000,50043.0000000000,249.3887838689,299.8382264829,100.0000000000
石油及煤製品製造業,石油及煤製品製造業,11250.0000000000,93794.0000000000,66343.0000000000,173.5000000000,158.4000000000,2024,2,11,tsic11_2021_2024,0.0013302335,418.8320707071,540.5994236311,66343.0000000000,93794.0000000000,418.8320707071,540.5994236311,100.0000000000
紙漿紙及紙製品製造業,紙漿、紙及紙製品製造業,48464.0000000000,44338.0000000000,36866.0000000000,172.1000000000,159.8000000000,2024,2,11,tsic11_2021_2024,0.0057305276,230.7008760951,257.6292852992,36866.0000000000,44338.0000000000,230.7008760951,257.6292852992,100.0000000000
紡織業,紡織業,87322.0000000000,44136.0000000000,37390.0000000000,178.1000000000,165.5000000000,2024,2,11,tsic11_2021_2024,0.0103252131,225.9214501511,247.8158338012,37390.0000000000,44136.0000000000,225.9214501511,247.8158338012,100.0000000000
藥品及醫用化學製品製造業,藥品及醫用化學製品製造業,35566.0000000000,58726.0000000000,44918.0000000000,169.4000000000,159.2000000000,2024,2,11,tsic11_2021_2024,0.0042054297,282.1482412060,346.6706021251,44918.0000000000,58726.0000000000,282.1482412060,346.6706021251,100.0000000000
金屬製品製造業,金屬製品製造業,360755.0000000000,42409.0000000000,35641.0000000000,170.8000000000,159.1000000000,2024,2,11,tsic11_2021_2024,0.0426567447,224.0163419233,248.2962529274,35641.0000000000,42409.0000000000,224.0163419233,248.2962529274,100.0000000000
電力設備及配備製造業,電力設備及配備製造業,124517.0000000000,56191.0000000000,40356.0000000000,177.9000000000,158.4000000000,2024,2,11,tsic11_2021_2024,0.0147232606,254.7727272727,315.8572231591,40356.0000000000,56191.0000000000,254.7727272727,315.8572231591,100.0000000000
電子零組件製造業,電子零組件製造業,631477.0000000000,102356.0000000000,55399.0000000000,188.2000000000,163.7000000000,2024,2,11,tsic11_2021_2024,0.0746677195,338.4178375076,543.8682252922,55399.0000000000,102356.0000000000,338.4178375076,543.8682252922,100.0000000000
電腦電子產品及光學製品製造業,電腦、電子產品及光學製品製造業,242902.0000000000,92150.0000000000,52288.0000000000,174.4000000000,161.3000000000,2024,2,11,tsic11_2021_2024,0.0287214553,324.1661500310,528.3830275229,52288.0000000000,92150.0000000000,324.1661500310,528.3830275229,100.0000000000
非金屬礦物製品製造業,非金屬礦物製品製造業,69652.0000000000,51265.0000000000,38197.0000000000,178.7000000000,160.1000000000,2024,2,11,tsic11_2021_2024,0.0082358597,238.5821361649,286.8774482373,38197.0000000000,51265.0000000000,238.5821361649,286.8774482373,100.0000000000
食品及飼品製造業,食品及飼品製造業,149304.0000000000,48452.0000000000,39393.0000000000,177.9000000000,160.3000000000,2024,2,11,tsic11_2021_2024,0.0176541492,245.7454772302,272.3552557617,39393.0000000000,48452.0000000000,245.7454772302,272.3552557617,100.0000000000
飲料及菸草製造業,飲料及菸草製造業,14569.0000000000,62015.0000000000,47235.0000000000,174.8000000000,164.9000000000,2024,2,11,tsic11_2021_2024,0.0017226819,286.4463311098,354.7768878719,47235.0000000000,62015.0000000000,286.4463311098,354.7768878719,100.0000000000
氣體燃料供應業,氣體燃料供應業,5844.0000000000,79240.0000000000,52859.0000000000,168.2000000000,161.9000000000,2024,3,11,tsic11_2021_2024,0.0006910119,326.4916615195,471.1058263971,52859.0000000000,79240.0000000000,326.4916615195,471.1058263971,100.0000000000
電力供應業,電力供應業,30614.0000000000,100069.0000000000,68532.0000000000,177.3000000000,164.4000000000,2024,3,11,tsic11_2021_2024,0.0036198905,416.8613138686,564.4049633390,68532.0000000000,100069.0000000000,416.8613138686,564.4049633390,100.0000000000
廢棄物清除業,廢棄物清除業,12749.0000000000,39593.0000000000,34443.0000000000,170.2000000000,163.5000000000,2024,4,11,tsic11_2021_2024,0.0015074797,210.6605504587,232.6263219741,34443.0000000000,39593.0000000000,210.6605504587,232.6263219741,100.0000000000
廢棄物處理業,廢棄物處理業,7207.0000000000,45676.0000000000,36203.0000000000,171.4000000000,162.4000000000,2024,4,11,tsic11_2021_2024,0.0008521771,222.9248768473,266.4877479580,36203.0000000000,45676.0000000000,222.9248768473,266.4877479580,100.0000000000
廢水及污水處理業,廢水及污水處理業,3732.0000000000,40952.0000000000,35118.0000000000,166.6000000000,162.6000000000,2024,4,11,tsic11_2021_2024,0.0004412828,215.9778597786,245.8103241297,35118.0000000000,40952.0000000000,215.9778597786,245.8103241297,100.0000000000
用水供應業,用水供應業,6470.0000000000,79728.0000000000,57859.0000000000,165.2000000000,162.5000000000,2024,4,11,tsic11_2021_2024,0.0007650321,356.0553846154,482.6150121065,57859.0000000000,79728.0000000000,356.0553846154,482.6150121065,100.0000000000
資源物回收處理及污染整治業,資源物回收處理及污染整治業,8797.0000000000,41914.0000000000,36385.0000000000,164.3000000000,158.9000000000,2024,4,11,tsic11_2021_2024,0.0010401835,228.9804908748,255.1065124772,36385.0000000000,41914.0000000000,228.9804908748,255.1065124772,100.0000000000
其他專門營造業,其他專門營造業,169695.0000000000,45717.0000000000,41751.0000000000,166.0000000000,162.7000000000,2024,5,11,tsic11_2021_2024,0.0200652417,256.6133988937,275.4036144578,41751.0000000000,45717.0000000000,256.6133988937,275.4036144578,100.0000000000
土木工程業,土木工程業,86375.0000000000,52660.0000000000,43129.0000000000,169.5000000000,164.8000000000,2024,5,11,tsic11_2021_2024,0.0102132370,261.7050970874,310.6784660767,43129.0000000000,52660.0000000000,261.7050970874,310.6784660767,100.0000000000
建築工程業,建築工程業,91756.0000000000,63559.0000000000,50103.0000000000,169.5000000000,162.2000000000,2024,5,11,tsic11_2021_2024,0.0108495025,308.8964241677,374.9793510324,50103.0000000000,63559.0000000000,308.8964241677,374.9793510324,100.0000000000
機電管道及其他建築設備安裝業,機電、管道及其他建築設備安裝業,147241.0000000000,48948.0000000000,40835.0000000000,166.3000000000,160.4000000000,2024,5,11,tsic11_2021_2024,0.0174102140,254.5822942643,294.3355381840,40835.0000000000,48948.0000000000,254.5822942643,294.3355381840,100.0000000000
批發業,批發業,1051277.0000000000,57544.0000000000,48553.0000000000,163.0000000000,160.1000000000,2024,6,11,tsic11_2021_2024,0.1243061207,303.2667083073,353.0306748466,48553.0000000000,57544.0000000000,303.2667083073,353.0306748466,100.0000000000
零售業,零售業,662015.0000000000,47891.0000000000,41528.0000000000,164.5000000000,160.1000000000,2024,6,11,tsic11_2021_2024,0.0782786235,259.3878825734,291.1306990881,41528.0000000000,47891.0000000000,259.3878825734,291.1306990881,100.0000000000
倉儲業,倉儲業,17003.0000000000,63073.0000000000,48716.0000000000,171.7000000000,159.7000000000,2024,7,11,tsic11_2021_2024,0.0020104853,305.0469630557,367.3442050087,48716.0000000000,63073.0000000000,305.0469630557,367.3442050087,100.0000000000
公共汽車客運業,公共汽車客運業,18994.0000000000,61722.0000000000,50001.0000000000,198.6000000000,165.7000000000,2024,7,11,tsic11_2021_2024,0.0022459071,301.7561858781,310.7854984894,50001.0000000000,61722.0000000000,301.7561858781,310.7854984894,100.0000000000
其他汽車客運業,其他汽車客運業,10644.0000000000,36745.0000000000,33823.0000000000,165.7000000000,162.6000000000,2024,7,11,tsic11_2021_2024,0.0012585782,208.0135301353,221.7561858781,33823.0000000000,36745.0000000000,208.0135301353,221.7561858781,100.0000000000
其他運輸輔助業,其他運輸輔助業,70716.0000000000,52855.0000000000,42883.0000000000,164.5000000000,159.0000000000,2024,7,11,tsic11_2021_2024,0.0083616703,269.7044025157,321.3069908815,42883.0000000000,52855.0000000000,269.7044025157,321.3069908815,100.0000000000
汽車貨運業,汽車貨運業,70746.0000000000,41378.0000000000,35627.0000000000,167.1000000000,160.5000000000,2024,7,11,tsic11_2021_2024,0.0083652176,221.9750778816,247.6241771394,35627.0000000000,41378.0000000000,221.9750778816,247.6241771394,100.0000000000
海洋水運業,海洋水運業,8555.0000000000,139500.0000000000,84123.0000000000,168.1000000000,165.6000000000,2024,7,11,tsic11_2021_2024,0.0010115687,507.9891304348,829.8631766805,84123.0000000000,139500.0000000000,507.9891304348,829.8631766805,100.0000000000
港埠業,港埠業,2084.0000000000,98636.0000000000,67826.0000000000,165.0000000000,161.3000000000,2024,7,11,tsic11_2021_2024,0.0002464184,420.4959702418,597.7939393939,67826.0000000000,98636.0000000000,420.4959702418,597.7939393939,100.0000000000
航空運輸業,航空運輸業,25419.0000000000,117051.0000000000,83968.0000000000,168.8000000000,164.5000000000,2024,7,11,tsic11_2021_2024,0.0030056182,510.4437689970,693.4300947867,83968.0000000000,117051.0000000000,510.4437689970,693.4300947867,100.0000000000
遞送服務業,遞送服務業,16766.0000000000,70252.0000000000,55263.0000000000,189.0000000000,168.2000000000,2024,7,11,tsic11_2021_2024,0.0019824617,328.5552913199,371.7037037037,55263.0000000000,70252.0000000000,328.5552913199,371.7037037037,100.0000000000
郵政業,郵政業,25334.0000000000,83924.0000000000,58505.0000000000,162.3000000000,160.8000000000,2024,7,11,tsic11_2021_2024,0.0029955675,363.8370646766,517.0918052988,58505.0000000000,83924.0000000000,363.8370646766,517.0918052988,100.0000000000
鐵路及捷運運輸業,鐵路及捷運運輸業,30446.0000000000,77555.0000000000,54189.0000000000,174.6000000000,159.7000000000,2024,7,11,tsic11_2021_2024,0.0036000256,339.3174702567,444.1867124857,54189.0000000000,77555.0000000000,339.3174702567,444.1867124857,100.0000000000
住宿業,住宿業,88934.0000000000,41210.0000000000,36192.0000000000,168.8000000000,164.6000000000,2024,8,11,tsic11_2021_2024,0.0105158208,219.8784933171,244.1350710900,36192.0000000000,41210.0000000000,219.8784933171,244.1350710900,100.0000000000
其他餐飲業,其他餐飲業,86908.0000000000,42953.0000000000,38463.0000000000,169.4000000000,164.4000000000,2024,8,11,tsic11_2021_2024,0.0102762605,233.9598540146,253.5596221960,38463.0000000000,42953.0000000000,233.9598540146,253.5596221960,100.0000000000
餐館,餐館,358586.0000000000,36850.0000000000,32870.0000000000,159.7000000000,152.6000000000,2024,8,11,tsic11_2021_2024,0.0424002756,215.3997378768,230.7451471509,32870.0000000000,36850.0000000000,215.3997378768,230.7451471509,100.0000000000
出版業,出版業,36399.0000000000,66198.0000000000,57349.0000000000,166.3000000000,162.5000000000,2024,9,11,tsic11_2021_2024,0.0043039261,352.9169230769,398.0637402285,57349.0000000000,66198.0000000000,352.9169230769,398.0637402285,100.0000000000
廣播電視節目編排及傳播業,廣播、電視節目編排及傳播業,16906.0000000000,54004.0000000000,45975.0000000000,161.9000000000,161.2000000000,2024,9,11,tsic11_2021_2024,0.0019990157,285.2047146402,333.5639283508,45975.0000000000,54004.0000000000,285.2047146402,333.5639283508,100.0000000000
影片及電視節目業;聲音錄製及音樂發行業,影片及電視節目業；聲音錄製及音樂發行業,19192.0000000000,45186.0000000000,41318.0000000000,144.3000000000,143.4000000000,2024,9,11,tsic11_2021_2024,0.0022693192,288.1311018131,313.1392931393,41318.0000000000,45186.0000000000,288.1311018131,313.1392931393,100.0000000000
資訊服務業,資訊服務業,40578.0000000000,98369.0000000000,82316.0000000000,164.4000000000,163.2000000000,2024,9,11,tsic11_2021_2024,0.0047980635,504.3872549020,598.3515815085,82316.0000000000,98369.0000000000,504.3872549020,598.3515815085,100.0000000000
電信業,電信業,41044.0000000000,107882.0000000000,70033.0000000000,165.4000000000,159.2000000000,2024,9,11,tsic11_2021_2024,0.0048531647,439.9057788945,652.2490931076,70033.0000000000,107882.0000000000,439.9057788945,652.2490931076,100.0000000000
電腦程式設計諮詢及相關服務業,電腦程式設計、諮詢及相關服務業,121881.0000000000,86359.0000000000,71943.0000000000,162.0000000000,159.9000000000,2024,9,11,tsic11_2021_2024,0.0144115721,449.9249530957,533.0802469136,71943.0000000000,86359.0000000000,449.9249530957,533.0802469136,100.0000000000
不動產經營及相關服務業,不動產經營及相關服務業,88622.0000000000,49950.0000000000,38637.0000000000,168.3000000000,165.5000000000,2024,10,11,tsic11_2021_2024,0.0104789290,233.4561933535,296.7914438503,38637.0000000000,49950.0000000000,233.4561933535,296.7914438503,100.0000000000
不動產開發業,不動產開發業,46642.0000000000,70594.0000000000,56216.0000000000,163.3000000000,160.8000000000,2024,10,11,tsic11_2021_2024,0.0055150889,349.6019900498,432.2963870178,56216.0000000000,70594.0000000000,349.6019900498,432.2963870178,100.0000000000
人身保險業,人身保險業,109260.0000000000,96626.0000000000,75131.0000000000,160.5000000000,158.7000000000,2024,10,11,tsic11_2021_2024,0.0129192275,473.4152488973,602.0311526480,75131.0000000000,96626.0000000000,473.4152488973,602.0311526480,100.0000000000
信用合作社,信用合作社,3936.0000000000,88142.0000000000,49800.0000000000,162.9000000000,162.0000000000,2024,10,11,tsic11_2021_2024,0.0004654044,307.4074074074,541.0804174340,49800.0000000000,88142.0000000000,307.4074074074,541.0804174340,100.0000000000
其他保險輔助業,其他保險輔助業,1042.0000000000,135105.0000000000,90032.0000000000,166.9000000000,163.8000000000,2024,10,11,tsic11_2021_2024,0.0001232092,549.6459096459,809.4967046135,90032.0000000000,135105.0000000000,549.6459096459,809.4967046135,100.0000000000
其他金融服務業,其他金融服務業,44060.0000000000,120318.0000000000,62960.0000000000,162.8000000000,161.0000000000,2024,10,11,tsic11_2021_2024,0.0052097855,391.0559006211,739.0540540541,62960.0000000000,120318.0000000000,391.0559006211,739.0540540541,100.0000000000
證券期貨及金融輔助業,證券期貨及金融輔助業,58380.0000000000,101983.0000000000,61555.0000000000,161.9000000000,160.4000000000,2024,10,11,tsic11_2021_2024,0.0069030249,383.7593516209,629.9135268684,61555.0000000000,101983.0000000000,383.7593516209,629.9135268684,100.0000000000
財產保險業,財產保險業,18010.0000000000,76027.0000000000,51973.0000000000,163.7000000000,161.5000000000,2024,10,11,tsic11_2021_2024,0.0021295560,321.8142414861,464.4288332315,51973.0000000000,76027.0000000000,321.8142414861,464.4288332315,100.0000000000
農會及漁會信用部,農會及漁會信用部,10503.0000000000,72864.0000000000,53604.0000000000,163.2000000000,162.3000000000,2024,10,11,tsic11_2021_2024,0.0012419060,330.2772643253,446.4705882353,53604.0000000000,72864.0000000000,330.2772643253,446.4705882353,100.0000000000
銀行業,銀行業,160653.0000000000,119016.0000000000,73973.0000000000,168.3000000000,161.3000000000,2024,10,11,tsic11_2021_2024,0.0189960888,458.6050836950,707.1657754011,73973.0000000000,119016.0000000000,458.6050836950,707.1657754011,100.0000000000
企業總管理機構及管理顧問業,企業總管理機構及管理顧問業,89494.0000000000,67511.0000000000,56342.0000000000,164.2000000000,162.3000000000,2024,11,11,tsic11_2021_2024,0.0105820369,347.1472581639,411.1510353228,56342.0000000000,67511.0000000000,347.1472581639,411.1510353228,100.0000000000
其他專業科學及技術服務業,其他專業、科學及技術服務業,22667.0000000000,57415.0000000000,50036.0000000000,164.5000000000,161.4000000000,2024,11,11,tsic11_2021_2024,0.0026802135,310.0123915737,349.0273556231,50036.0000000000,57415.0000000000,310.0123915737,349.0273556231,100.0000000000
專門設計業,專門設計業,22732.0000000000,67844.0000000000,61445.0000000000,162.2000000000,160.4000000000,2024,11,11,tsic11_2021_2024,0.0026878993,383.0735660848,418.2737361282,61445.0000000000,67844.0000000000,383.0735660848,418.2737361282,100.0000000000
廣告業及市場研究業,廣告業及市場研究業,43757.0000000000,53311.0000000000,48075.0000000000,167.2000000000,165.5000000000,2024,11,11,tsic11_2021_2024,0.0051739579,290.4833836858,318.8456937799,48075.0000000000,53311.0000000000,290.4833836858,318.8456937799,100.0000000000
建築工程服務及技術檢測,建築、工程服務及技術檢測、,78800.0000000000,70936.0000000000,57874.0000000000,163.1000000000,158.4000000000,2024,11,11,tsic11_2021_2024,0.0093175465,365.3661616162,434.9233599019,57874.0000000000,70936.0000000000,365.3661616162,434.9233599019,100.0000000000
會計服務業,會計服務業,30703.0000000000,69307.0000000000,55115.0000000000,167.6000000000,158.1000000000,2024,11,11,tsic11_2021_2024,0.0036304141,348.6084756483,413.5262529833,55115.0000000000,69307.0000000000,348.6084756483,413.5262529833,100.0000000000
法律服務業,法律服務業,17223.0000000000,65203.0000000000,50420.0000000000,160.4000000000,158.4000000000,2024,11,11,tsic11_2021_2024,0.0020364988,318.3080808081,406.5024937656,50420.0000000000,65203.0000000000,318.3080808081,406.5024937656,100.0000000000
研究發展服務業,研究發展服務業,37967.0000000000,90928.0000000000,71614.0000000000,157.1000000000,155.4000000000,2024,11,11,tsic11_2021_2024,0.0044893311,460.8365508366,578.7905792489,71614.0000000000,90928.0000000000,460.8365508366,578.7905792489,100.0000000000
人力仲介業,人力仲介業,21543.0000000000,41253.0000000000,38023.0000000000,164.4000000000,163.0000000000,2024,12,11,tsic11_2021_2024,0.0025473084,233.2699386503,250.9306569343,38023.0000000000,41253.0000000000,233.2699386503,250.9306569343,100.0000000000
人力供應業,人力供應業,121921.0000000000,40310.0000000000,36684.0000000000,167.0000000000,161.2000000000,2024,12,11,tsic11_2021_2024,0.0144163018,227.5682382134,241.3772455090,36684.0000000000,40310.0000000000,227.5682382134,241.3772455090,100.0000000000
保全及偵探業,保全及偵探業,107755.0000000000,39565.0000000000,34463.0000000000,210.7000000000,193.3000000000,2024,12,11,tsic11_2021_2024,0.0127412718,178.2876357993,187.7788324632,34463.0000000000,39565.0000000000,178.2876357993,187.7788324632,100.0000000000
學前教育,學前教育,81987.0000000000,39537.0000000000,34823.0000000000,155.7000000000,153.4000000000,2024,12,11,tsic11_2021_2024,0.0096943868,227.0078226858,253.9306358382,34823.0000000000,39537.0000000000,227.0078226858,253.9306358382,100.0000000000
建築物及綠化服務業,建築物及綠化服務業,115225.0000000000,37386.0000000000,35385.0000000000,166.3000000000,162.6000000000,2024,12,11,tsic11_2021_2024,0.0136245469,217.6199261993,224.8105832832,35385.0000000000,37386.0000000000,217.6199261993,224.8105832832,100.0000000000
教育輔助及其他教育業,教育輔助及其他教育業,77360.0000000000,28382.0000000000,26240.0000000000,132.6000000000,131.7000000000,2024,12,11,tsic11_2021_2024,0.0091472766,199.2406985573,214.0422322775,26240.0000000000,28382.0000000000,199.2406985573,214.0422322775,100.0000000000
旅行及其他相關服務業,旅行及其他相關服務業,26527.0000000000,46304.0000000000,41474.0000000000,160.0000000000,159.2000000000,2024,12,11,tsic11_2021_2024,0.0031366314,260.5150753769,289.4000000000,41474.0000000000,46304.0000000000,260.5150753769,289.4000000000,100.0000000000
租賃業,租賃業,19570.0000000000,44723.0000000000,36478.0000000000,162.9000000000,159.5000000000,2024,12,11,tsic11_2021_2024,0.0023140150,228.7021943574,274.5426642112,36478.0000000000,44723.0000000000,228.7021943574,274.5426642112,100.0000000000
行政支援服務業,行政支援服務業,31305.0000000000,49943.0000000000,43926.0000000000,165.4000000000,159.8000000000,2024,12,11,tsic11_2021_2024,0.0037015964,274.8811013767,301.9528415961,43926.0000000000,49943.0000000000,274.8811013767,301.9528415961,100.0000000000
創作及藝術表演業,創作及藝術表演業,15445.0000000000,46003.0000000000,41364.0000000000,149.7000000000,148.1000000000,2024,13,11,tsic11_2021_2024,0.0018262628,279.2977717758,307.3012692051,41364.0000000000,46003.0000000000,279.2977717758,307.3012692051,100.0000000000
社會工作服務業,社會工作服務業,98830.0000000000,36683.0000000000,31164.0000000000,169.8000000000,162.8000000000,2024,13,11,tsic11_2021_2024,0.0116859533,191.4250614251,216.0365135453,31164.0000000000,36683.0000000000,191.4250614251,216.0365135453,100.0000000000
運動娛樂及休閒服務業,運動、娛樂及休閒服務業,67531.0000000000,41980.0000000000,38504.0000000000,167.0000000000,164.0000000000,2024,13,11,tsic11_2021_2024,0.0079850664,234.7804878049,251.3772455090,38504.0000000000,41980.0000000000,234.7804878049,251.3772455090,100.0000000000
醫療保健業,醫療保健業,414541.0000000000,76563.0000000000,59807.0000000000,164.7000000000,160.5000000000,2024,13,11,tsic11_2021_2024,0.0490165613,372.6292834891,464.8633879781,59807.0000000000,76563.0000000000,372.6292834891,464.8633879781,100.0000000000
個人及家庭用品維修業,個人及家庭用品維修業,41135.0000000000,44748.0000000000,37080.0000000000,166.9000000000,163.2000000000,2024,14,11,tsic11_2021_2024,0.0048639248,227.2058823529,268.1126423008,37080.0000000000,44748.0000000000,227.2058823529,268.1126423008,100.0000000000
其他個人服務業,其他個人服務業,38046.0000000000,42763.0000000000,38758.0000000000,163.1000000000,160.5000000000,2024,14,11,tsic11_2021_2024,0.0044986722,241.4828660436,262.1888412017,38758.0000000000,42763.0000000000,241.4828660436,262.1888412017,100.0000000000
美髮及美容美體業,美髮及美容美體業,38522.0000000000,32811.0000000000,31550.0000000000,172.0000000000,171.7000000000,2024,14,11,tsic11_2021_2024,0.0045549559,183.7507280140,190.7616279070,31550.0000000000,32811.0000000000,183.7507280140,190.7616279070,100.0000000000
